dataset	participant_id	classification	count
dset-cambridge	sub-04570	accepted	8
dset-cambridge	sub-04570	rejected	12
dset-cambridge	sub-04570	ignored	3
dset-cambridge	sub-04710	accepted	16
dset-cambridge	sub-04710	rejected	12
dset-cambridge	sub-04710	ignored	4
dset-cambridge	sub-04800	accepted	16
dset-cambridge	sub-04800	rejected	12
dset-cambridge	sub-04800	ignored	3
dset-cambridge	sub-11310	accepted	9
dset-cambridge	sub-11310	rejected	14
dset-cambridge	sub-11310	ignored	6
dset-cambridge	sub-12599	accepted	21
dset-cambridge	sub-12599	rejected	9
dset-cambridge	sub-12599	ignored	2
dset-cambridge	sub-16053	accepted	17
dset-cambridge	sub-16053	rejected	22
dset-cambridge	sub-16053	ignored	7
dset-cambridge	sub-17821	accepted	14
dset-cambridge	sub-17821	rejected	10
dset-cambridge	sub-17821	ignored	3
dset-cambridge	sub-19284	accepted	14
dset-cambridge	sub-19284	rejected	21
dset-cambridge	sub-19284	ignored	3
dset-cambridge	sub-19774	accepted	15
dset-cambridge	sub-19774	rejected	14
dset-cambridge	sub-19774	ignored	2
dset-cambridge	sub-19943	accepted	39
dset-cambridge	sub-19943	rejected	15
dset-cambridge	sub-19943	ignored	2
dset-cambridge	sub-19979	accepted	27
dset-cambridge	sub-19979	rejected	18
dset-cambridge	sub-19979	ignored	2
dset-cambridge	sub-20094	accepted	11
dset-cambridge	sub-20094	rejected	32
dset-cambridge	sub-20094	ignored	0
dset-cambridge	sub-20407	accepted	20
dset-cambridge	sub-20407	rejected	14
dset-cambridge	sub-20407	ignored	1
dset-cambridge	sub-20408	accepted	13
dset-cambridge	sub-20408	rejected	11
dset-cambridge	sub-20408	ignored	4
dset-cambridge	sub-20409	accepted	25
dset-cambridge	sub-20409	rejected	11
dset-cambridge	sub-20409	ignored	1
dset-cambridge	sub-20450	accepted	2
dset-cambridge	sub-20450	rejected	3
dset-cambridge	sub-20450	ignored	2
dset-cambridge	sub-20462	accepted	13
dset-cambridge	sub-20462	rejected	10
dset-cambridge	sub-20462	ignored	2
dset-cambridge	sub-20503	accepted	22
dset-cambridge	sub-20503	rejected	13
dset-cambridge	sub-20503	ignored	1
dset-cambridge	sub-20758	accepted	17
dset-cambridge	sub-20758	rejected	19
dset-cambridge	sub-20758	ignored	4
dset-cambridge	sub-20823	accepted	17
dset-cambridge	sub-20823	rejected	20
dset-cambridge	sub-20823	ignored	6
dset-cambridge	sub-20824	accepted	15
dset-cambridge	sub-20824	rejected	14
dset-cambridge	sub-20824	ignored	0
dset-cambridge	sub-20835	accepted	12
dset-cambridge	sub-20835	rejected	39
dset-cambridge	sub-20835	ignored	0
dset-cambridge	sub-20847	accepted	18
dset-cambridge	sub-20847	rejected	14
dset-cambridge	sub-20847	ignored	12
dset-cambridge	sub-20851	accepted	11
dset-cambridge	sub-20851	rejected	22
dset-cambridge	sub-20851	ignored	0
dset-cambridge	sub-20860	accepted	29
dset-cambridge	sub-20860	rejected	14
dset-cambridge	sub-20860	ignored	4
dset-cambridge	sub-20861	accepted	18
dset-cambridge	sub-20861	rejected	15
dset-cambridge	sub-20861	ignored	5
dset-cambridge	sub-20862	accepted	24
dset-cambridge	sub-20862	rejected	7
dset-cambridge	sub-20862	ignored	9
dset-cambridge	sub-20864	accepted	23
dset-cambridge	sub-20864	rejected	14
dset-cambridge	sub-20864	ignored	3
dset-cambridge	sub-20866	accepted	20
dset-cambridge	sub-20866	rejected	18
dset-cambridge	sub-20866	ignored	3
dset-cambridge	sub-20892	accepted	16
dset-cambridge	sub-20892	rejected	16
dset-cambridge	sub-20892	ignored	7
dset-cambridge	sub-20893	accepted	15
dset-cambridge	sub-20893	rejected	12
dset-cambridge	sub-20893	ignored	6
dset-cambridge	sub-20907	accepted	22
dset-cambridge	sub-20907	rejected	13
dset-cambridge	sub-20907	ignored	2
dset-cambridge	sub-20932	accepted	18
dset-cambridge	sub-20932	rejected	16
dset-cambridge	sub-20932	ignored	6
dset-cambridge	sub-20946	accepted	11
dset-cambridge	sub-20946	rejected	16
dset-cambridge	sub-20946	ignored	3
dset-cambridge	sub-20950	accepted	8
dset-cambridge	sub-20950	rejected	6
dset-cambridge	sub-20950	ignored	1
dset-cambridge	sub-20976	accepted	22
dset-cambridge	sub-20976	rejected	16
dset-cambridge	sub-20976	ignored	5
dset-cambridge	sub-20983	accepted	23
dset-cambridge	sub-20983	rejected	15
dset-cambridge	sub-20983	ignored	5
dset-cambridge	sub-20984	accepted	15
dset-cambridge	sub-20984	rejected	17
dset-cambridge	sub-20984	ignored	3
dset-cambridge	sub-21036	accepted	8
dset-cambridge	sub-21036	rejected	3
dset-cambridge	sub-21036	ignored	1
dset-cambridge	sub-21116	accepted	13
dset-cambridge	sub-21116	rejected	23
dset-cambridge	sub-21116	ignored	2
dset-cambridge	sub-21124	accepted	7
dset-cambridge	sub-21124	rejected	21
dset-cambridge	sub-21124	ignored	1
dset-cambridge	sub-21126	accepted	10
dset-cambridge	sub-21126	rejected	15
dset-cambridge	sub-21126	ignored	1
dset-cambridge	sub-21127	accepted	7
dset-cambridge	sub-21127	rejected	15
dset-cambridge	sub-21127	ignored	0
dset-cambridge	sub-21187	accepted	8
dset-cambridge	sub-21187	rejected	24
dset-cambridge	sub-21187	ignored	1
dset-cambridge	sub-21193	accepted	33
dset-cambridge	sub-21193	rejected	10
dset-cambridge	sub-21193	ignored	2
dset-cambridge	sub-21215	accepted	5
dset-cambridge	sub-21215	rejected	21
dset-cambridge	sub-21215	ignored	1
dset-cambridge	sub-21252	accepted	12
dset-cambridge	sub-21252	rejected	15
dset-cambridge	sub-21252	ignored	7
dset-cambridge	sub-21253	accepted	15
dset-cambridge	sub-21253	rejected	43
dset-cambridge	sub-21253	ignored	1
dset-cambridge	sub-21254	accepted	18
dset-cambridge	sub-21254	rejected	17
dset-cambridge	sub-21254	ignored	0
dset-cambridge	sub-21256	accepted	13
dset-cambridge	sub-21256	rejected	29
dset-cambridge	sub-21256	ignored	0
dset-cambridge	sub-21258	accepted	12
dset-cambridge	sub-21258	rejected	17
dset-cambridge	sub-21258	ignored	3
dset-cambridge	sub-21260	accepted	18
dset-cambridge	sub-21260	rejected	13
dset-cambridge	sub-21260	ignored	1
dset-cambridge	sub-21261	accepted	15
dset-cambridge	sub-21261	rejected	10
dset-cambridge	sub-21261	ignored	2
dset-cambridge	sub-21262	accepted	5
dset-cambridge	sub-21262	rejected	10
dset-cambridge	sub-21262	ignored	1
dset-cambridge	sub-21270	accepted	12
dset-cambridge	sub-21270	rejected	28
dset-cambridge	sub-21270	ignored	2
dset-cambridge	sub-21273	accepted	17
dset-cambridge	sub-21273	rejected	23
dset-cambridge	sub-21273	ignored	2
dset-cambridge	sub-21277	accepted	15
dset-cambridge	sub-21277	rejected	13
dset-cambridge	sub-21277	ignored	6
dset-cambridge	sub-21278	accepted	8
dset-cambridge	sub-21278	rejected	17
dset-cambridge	sub-21278	ignored	2
dset-cambridge	sub-21279	accepted	6
dset-cambridge	sub-21279	rejected	22
dset-cambridge	sub-21279	ignored	2
dset-cambridge	sub-21281	accepted	21
dset-cambridge	sub-21281	rejected	15
dset-cambridge	sub-21281	ignored	0
dset-cambridge	sub-21283	accepted	9
dset-cambridge	sub-21283	rejected	20
dset-cambridge	sub-21283	ignored	3
dset-cambridge	sub-21300	accepted	14
dset-cambridge	sub-21300	rejected	12
dset-cambridge	sub-21300	ignored	2
dset-cambridge	sub-21302	accepted	14
dset-cambridge	sub-21302	rejected	9
dset-cambridge	sub-21302	ignored	3
dset-cambridge	sub-21304	accepted	21
dset-cambridge	sub-21304	rejected	5
dset-cambridge	sub-21304	ignored	0
dset-cambridge	sub-21305	accepted	14
dset-cambridge	sub-21305	rejected	21
dset-cambridge	sub-21305	ignored	6
dset-cambridge	sub-21306	accepted	4
dset-cambridge	sub-21306	rejected	13
dset-cambridge	sub-21306	ignored	3
dset-cambridge	sub-21317	accepted	19
dset-cambridge	sub-21317	rejected	28
dset-cambridge	sub-21317	ignored	0
dset-cambridge	sub-21318	accepted	16
dset-cambridge	sub-21318	rejected	13
dset-cambridge	sub-21318	ignored	3
dset-cambridge	sub-21324	accepted	19
dset-cambridge	sub-21324	rejected	14
dset-cambridge	sub-21324	ignored	15
dset-cambridge	sub-21371	accepted	13
dset-cambridge	sub-21371	rejected	15
dset-cambridge	sub-21371	ignored	2
dset-cambridge	sub-21384	accepted	7
dset-cambridge	sub-21384	rejected	9
dset-cambridge	sub-21384	ignored	4
dset-cambridge	sub-21448	accepted	16
dset-cambridge	sub-21448	rejected	16
dset-cambridge	sub-21448	ignored	3
dset-cambridge	sub-21449	accepted	17
dset-cambridge	sub-21449	rejected	43
dset-cambridge	sub-21449	ignored	5
dset-cambridge	sub-21452	accepted	17
dset-cambridge	sub-21452	rejected	14
dset-cambridge	sub-21452	ignored	5
dset-cambridge	sub-21453	accepted	12
dset-cambridge	sub-21453	rejected	22
dset-cambridge	sub-21453	ignored	1
dset-cambridge	sub-21456	accepted	11
dset-cambridge	sub-21456	rejected	32
dset-cambridge	sub-21456	ignored	5
dset-cambridge	sub-21611	accepted	28
dset-cambridge	sub-21611	rejected	13
dset-cambridge	sub-21611	ignored	0
dset-cambridge	sub-21641	accepted	17
dset-cambridge	sub-21641	rejected	19
dset-cambridge	sub-21641	ignored	2
dset-cambridge	sub-21644	accepted	11
dset-cambridge	sub-21644	rejected	10
dset-cambridge	sub-21644	ignored	3
dset-cambridge	sub-21645	accepted	8
dset-cambridge	sub-21645	rejected	20
dset-cambridge	sub-21645	ignored	9
dset-cambridge	sub-21646	accepted	16
dset-cambridge	sub-21646	rejected	12
dset-cambridge	sub-21646	ignored	7
dset-cambridge	sub-21652	accepted	12
dset-cambridge	sub-21652	rejected	17
dset-cambridge	sub-21652	ignored	5
dset-cambridge	sub-21656	accepted	21
dset-cambridge	sub-21656	rejected	16
dset-cambridge	sub-21656	ignored	3
dset-cambridge	sub-21657	accepted	13
dset-cambridge	sub-21657	rejected	22
dset-cambridge	sub-21657	ignored	4
dset-cambridge	sub-21658	accepted	20
dset-cambridge	sub-21658	rejected	11
dset-cambridge	sub-21658	ignored	5
dset-camcan	sub-CC110033	accepted	0
dset-camcan	sub-CC110033	rejected	5
dset-camcan	sub-CC110033	ignored	7
dset-camcan	sub-CC110037	accepted	0
dset-camcan	sub-CC110037	rejected	4
dset-camcan	sub-CC110037	ignored	8
dset-camcan	sub-CC110045	accepted	3
dset-camcan	sub-CC110045	rejected	5
dset-camcan	sub-CC110045	ignored	2
dset-camcan	sub-CC110056	accepted	12
dset-camcan	sub-CC110056	rejected	18
dset-camcan	sub-CC110056	ignored	2
dset-camcan	sub-CC110069	accepted	2
dset-camcan	sub-CC110069	rejected	6
dset-camcan	sub-CC110069	ignored	5
dset-camcan	sub-CC110087	accepted	4
dset-camcan	sub-CC110087	rejected	8
dset-camcan	sub-CC110087	ignored	1
dset-camcan	sub-CC110098	accepted	14
dset-camcan	sub-CC110098	rejected	19
dset-camcan	sub-CC110098	ignored	2
dset-camcan	sub-CC110101	accepted	6
dset-camcan	sub-CC110101	rejected	8
dset-camcan	sub-CC110101	ignored	0
dset-camcan	sub-CC110126	accepted	1
dset-camcan	sub-CC110126	rejected	6
dset-camcan	sub-CC110126	ignored	6
dset-camcan	sub-CC110174	accepted	2
dset-camcan	sub-CC110174	rejected	6
dset-camcan	sub-CC110174	ignored	3
dset-camcan	sub-CC110182	accepted	22
dset-camcan	sub-CC110182	rejected	11
dset-camcan	sub-CC110182	ignored	0
dset-camcan	sub-CC110319	accepted	0
dset-camcan	sub-CC110319	rejected	3
dset-camcan	sub-CC110319	ignored	5
dset-camcan	sub-CC110606	accepted	5
dset-camcan	sub-CC110606	rejected	6
dset-camcan	sub-CC110606	ignored	1
dset-camcan	sub-CC112141	accepted	0
dset-camcan	sub-CC112141	rejected	4
dset-camcan	sub-CC112141	ignored	7
dset-camcan	sub-CC120008	accepted	9
dset-camcan	sub-CC120008	rejected	4
dset-camcan	sub-CC120008	ignored	0
dset-camcan	sub-CC120049	accepted	2
dset-camcan	sub-CC120049	rejected	7
dset-camcan	sub-CC120049	ignored	1
dset-camcan	sub-CC120061	accepted	2
dset-camcan	sub-CC120061	rejected	6
dset-camcan	sub-CC120061	ignored	3
dset-camcan	sub-CC120065	accepted	3
dset-camcan	sub-CC120065	rejected	5
dset-camcan	sub-CC120065	ignored	1
dset-camcan	sub-CC120120	accepted	7
dset-camcan	sub-CC120120	rejected	8
dset-camcan	sub-CC120120	ignored	3
dset-camcan	sub-CC120123	accepted	15
dset-camcan	sub-CC120123	rejected	7
dset-camcan	sub-CC120123	ignored	0
dset-camcan	sub-CC120166	accepted	3
dset-camcan	sub-CC120166	rejected	4
dset-camcan	sub-CC120166	ignored	3
dset-camcan	sub-CC120182	accepted	2
dset-camcan	sub-CC120182	rejected	6
dset-camcan	sub-CC120182	ignored	1
dset-camcan	sub-CC120208	accepted	1
dset-camcan	sub-CC120208	rejected	8
dset-camcan	sub-CC120208	ignored	3
dset-camcan	sub-CC120218	accepted	4
dset-camcan	sub-CC120218	rejected	10
dset-camcan	sub-CC120218	ignored	1
dset-camcan	sub-CC120234	accepted	3
dset-camcan	sub-CC120234	rejected	6
dset-camcan	sub-CC120234	ignored	3
dset-camcan	sub-CC120264	accepted	2
dset-camcan	sub-CC120264	rejected	7
dset-camcan	sub-CC120264	ignored	4
dset-camcan	sub-CC120276	accepted	9
dset-camcan	sub-CC120276	rejected	13
dset-camcan	sub-CC120276	ignored	2
dset-camcan	sub-CC120286	accepted	1
dset-camcan	sub-CC120286	rejected	4
dset-camcan	sub-CC120286	ignored	6
dset-camcan	sub-CC120309	accepted	15
dset-camcan	sub-CC120309	rejected	14
dset-camcan	sub-CC120309	ignored	0
dset-camcan	sub-CC120313	accepted	2
dset-camcan	sub-CC120313	rejected	7
dset-camcan	sub-CC120313	ignored	1
dset-camcan	sub-CC120319	accepted	4
dset-camcan	sub-CC120319	rejected	4
dset-camcan	sub-CC120319	ignored	3
dset-camcan	sub-CC120347	accepted	14
dset-camcan	sub-CC120347	rejected	12
dset-camcan	sub-CC120347	ignored	0
dset-camcan	sub-CC120376	accepted	1
dset-camcan	sub-CC120376	rejected	6
dset-camcan	sub-CC120376	ignored	7
dset-camcan	sub-CC120409	accepted	4
dset-camcan	sub-CC120409	rejected	8
dset-camcan	sub-CC120409	ignored	0
dset-camcan	sub-CC120462	accepted	6
dset-camcan	sub-CC120462	rejected	17
dset-camcan	sub-CC120462	ignored	0
dset-camcan	sub-CC120469	accepted	13
dset-camcan	sub-CC120469	rejected	15
dset-camcan	sub-CC120469	ignored	3
dset-camcan	sub-CC120470	accepted	4
dset-camcan	sub-CC120470	rejected	6
dset-camcan	sub-CC120470	ignored	2
dset-camcan	sub-CC120550	accepted	2
dset-camcan	sub-CC120550	rejected	4
dset-camcan	sub-CC120550	ignored	1
dset-camcan	sub-CC120640	accepted	14
dset-camcan	sub-CC120640	rejected	8
dset-camcan	sub-CC120640	ignored	2
dset-camcan	sub-CC120727	accepted	0
dset-camcan	sub-CC120727	rejected	3
dset-camcan	sub-CC120727	ignored	7
dset-camcan	sub-CC120764	accepted	11
dset-camcan	sub-CC120764	rejected	16
dset-camcan	sub-CC120764	ignored	0
dset-camcan	sub-CC120795	accepted	6
dset-camcan	sub-CC120795	rejected	5
dset-camcan	sub-CC120795	ignored	0
dset-camcan	sub-CC120816	accepted	3
dset-camcan	sub-CC120816	rejected	6
dset-camcan	sub-CC120816	ignored	0
dset-camcan	sub-CC120987	accepted	9
dset-camcan	sub-CC120987	rejected	14
dset-camcan	sub-CC120987	ignored	0
dset-camcan	sub-CC121106	accepted	3
dset-camcan	sub-CC121106	rejected	7
dset-camcan	sub-CC121106	ignored	0
dset-camcan	sub-CC121111	accepted	2
dset-camcan	sub-CC121111	rejected	6
dset-camcan	sub-CC121111	ignored	2
dset-camcan	sub-CC121144	accepted	0
dset-camcan	sub-CC121144	rejected	5
dset-camcan	sub-CC121144	ignored	6
dset-camcan	sub-CC121158	accepted	3
dset-camcan	sub-CC121158	rejected	6
dset-camcan	sub-CC121158	ignored	1
dset-camcan	sub-CC121194	accepted	6
dset-camcan	sub-CC121194	rejected	36
dset-camcan	sub-CC121194	ignored	0
dset-camcan	sub-CC121200	accepted	4
dset-camcan	sub-CC121200	rejected	7
dset-camcan	sub-CC121200	ignored	0
dset-camcan	sub-CC121317	accepted	6
dset-camcan	sub-CC121317	rejected	6
dset-camcan	sub-CC121317	ignored	1
dset-camcan	sub-CC121397	accepted	4
dset-camcan	sub-CC121397	rejected	9
dset-camcan	sub-CC121397	ignored	0
dset-camcan	sub-CC121411	accepted	18
dset-camcan	sub-CC121411	rejected	6
dset-camcan	sub-CC121411	ignored	2
dset-camcan	sub-CC121428	accepted	2
dset-camcan	sub-CC121428	rejected	5
dset-camcan	sub-CC121428	ignored	3
dset-camcan	sub-CC121479	accepted	9
dset-camcan	sub-CC121479	rejected	10
dset-camcan	sub-CC121479	ignored	2
dset-camcan	sub-CC121685	accepted	5
dset-camcan	sub-CC121685	rejected	12
dset-camcan	sub-CC121685	ignored	1
dset-camcan	sub-CC121795	accepted	4
dset-camcan	sub-CC121795	rejected	11
dset-camcan	sub-CC121795	ignored	3
dset-camcan	sub-CC122172	accepted	12
dset-camcan	sub-CC122172	rejected	15
dset-camcan	sub-CC122172	ignored	0
dset-camcan	sub-CC122405	accepted	4
dset-camcan	sub-CC122405	rejected	7
dset-camcan	sub-CC122405	ignored	1
dset-camcan	sub-CC122620	accepted	1
dset-camcan	sub-CC122620	rejected	6
dset-camcan	sub-CC122620	ignored	4
dset-camcan	sub-CC210023	accepted	3
dset-camcan	sub-CC210023	rejected	6
dset-camcan	sub-CC210023	ignored	1
dset-camcan	sub-CC210051	accepted	6
dset-camcan	sub-CC210051	rejected	6
dset-camcan	sub-CC210051	ignored	0
dset-camcan	sub-CC210088	accepted	3
dset-camcan	sub-CC210088	rejected	6
dset-camcan	sub-CC210088	ignored	0
dset-camcan	sub-CC210124	accepted	2
dset-camcan	sub-CC210124	rejected	6
dset-camcan	sub-CC210124	ignored	0
dset-camcan	sub-CC210148	accepted	9
dset-camcan	sub-CC210148	rejected	16
dset-camcan	sub-CC210148	ignored	1
dset-camcan	sub-CC210172	accepted	4
dset-camcan	sub-CC210172	rejected	5
dset-camcan	sub-CC210172	ignored	1
dset-camcan	sub-CC210182	accepted	3
dset-camcan	sub-CC210182	rejected	6
dset-camcan	sub-CC210182	ignored	5
dset-camcan	sub-CC210250	accepted	2
dset-camcan	sub-CC210250	rejected	6
dset-camcan	sub-CC210250	ignored	1
dset-camcan	sub-CC210304	accepted	5
dset-camcan	sub-CC210304	rejected	9
dset-camcan	sub-CC210304	ignored	3
dset-camcan	sub-CC210314	accepted	11
dset-camcan	sub-CC210314	rejected	11
dset-camcan	sub-CC210314	ignored	2
dset-camcan	sub-CC210422	accepted	3
dset-camcan	sub-CC210422	rejected	6
dset-camcan	sub-CC210422	ignored	1
dset-camcan	sub-CC210519	accepted	3
dset-camcan	sub-CC210519	rejected	7
dset-camcan	sub-CC210519	ignored	1
dset-camcan	sub-CC210526	accepted	4
dset-camcan	sub-CC210526	rejected	4
dset-camcan	sub-CC210526	ignored	2
dset-camcan	sub-CC210617	accepted	0
dset-camcan	sub-CC210617	rejected	4
dset-camcan	sub-CC210617	ignored	7
dset-camcan	sub-CC210657	accepted	21
dset-camcan	sub-CC210657	rejected	5
dset-camcan	sub-CC210657	ignored	2
dset-camcan	sub-CC212153	accepted	5
dset-camcan	sub-CC212153	rejected	5
dset-camcan	sub-CC212153	ignored	1
dset-camcan	sub-CC220098	accepted	12
dset-camcan	sub-CC220098	rejected	13
dset-camcan	sub-CC220098	ignored	0
dset-camcan	sub-CC220107	accepted	2
dset-camcan	sub-CC220107	rejected	4
dset-camcan	sub-CC220107	ignored	3
dset-camcan	sub-CC220115	accepted	11
dset-camcan	sub-CC220115	rejected	10
dset-camcan	sub-CC220115	ignored	1
dset-camcan	sub-CC220132	accepted	0
dset-camcan	sub-CC220132	rejected	9
dset-camcan	sub-CC220132	ignored	4
dset-camcan	sub-CC220151	accepted	2
dset-camcan	sub-CC220151	rejected	6
dset-camcan	sub-CC220151	ignored	3
dset-camcan	sub-CC220198	accepted	3
dset-camcan	sub-CC220198	rejected	7
dset-camcan	sub-CC220198	ignored	2
dset-camcan	sub-CC220203	accepted	3
dset-camcan	sub-CC220203	rejected	6
dset-camcan	sub-CC220203	ignored	4
dset-camcan	sub-CC220223	accepted	4
dset-camcan	sub-CC220223	rejected	7
dset-camcan	sub-CC220223	ignored	2
dset-camcan	sub-CC220232	accepted	0
dset-camcan	sub-CC220232	rejected	4
dset-camcan	sub-CC220232	ignored	5
dset-camcan	sub-CC220234	accepted	5
dset-camcan	sub-CC220234	rejected	3
dset-camcan	sub-CC220234	ignored	2
dset-camcan	sub-CC220284	accepted	0
dset-camcan	sub-CC220284	rejected	2
dset-camcan	sub-CC220284	ignored	4
dset-camcan	sub-CC220323	accepted	4
dset-camcan	sub-CC220323	rejected	3
dset-camcan	sub-CC220323	ignored	2
dset-camcan	sub-CC220335	accepted	5
dset-camcan	sub-CC220335	rejected	6
dset-camcan	sub-CC220335	ignored	2
dset-camcan	sub-CC220352	accepted	4
dset-camcan	sub-CC220352	rejected	5
dset-camcan	sub-CC220352	ignored	4
dset-camcan	sub-CC220372	accepted	4
dset-camcan	sub-CC220372	rejected	9
dset-camcan	sub-CC220372	ignored	0
dset-camcan	sub-CC220394	accepted	0
dset-camcan	sub-CC220394	rejected	2
dset-camcan	sub-CC220394	ignored	8
dset-camcan	sub-CC220419	accepted	2
dset-camcan	sub-CC220419	rejected	8
dset-camcan	sub-CC220419	ignored	1
dset-camcan	sub-CC220506	accepted	0
dset-camcan	sub-CC220506	rejected	5
dset-camcan	sub-CC220506	ignored	3
dset-camcan	sub-CC220518	accepted	4
dset-camcan	sub-CC220518	rejected	7
dset-camcan	sub-CC220518	ignored	1
dset-camcan	sub-CC220519	accepted	2
dset-camcan	sub-CC220519	rejected	9
dset-camcan	sub-CC220519	ignored	1
dset-camcan	sub-CC220526	accepted	12
dset-camcan	sub-CC220526	rejected	21
dset-camcan	sub-CC220526	ignored	1
dset-camcan	sub-CC220535	accepted	5
dset-camcan	sub-CC220535	rejected	7
dset-camcan	sub-CC220535	ignored	0
dset-camcan	sub-CC220567	accepted	5
dset-camcan	sub-CC220567	rejected	5
dset-camcan	sub-CC220567	ignored	0
dset-camcan	sub-CC220610	accepted	6
dset-camcan	sub-CC220610	rejected	2
dset-camcan	sub-CC220610	ignored	2
dset-camcan	sub-CC220635	accepted	16
dset-camcan	sub-CC220635	rejected	13
dset-camcan	sub-CC220635	ignored	1
dset-camcan	sub-CC220697	accepted	7
dset-camcan	sub-CC220697	rejected	4
dset-camcan	sub-CC220697	ignored	0
dset-camcan	sub-CC220713	accepted	0
dset-camcan	sub-CC220713	rejected	4
dset-camcan	sub-CC220713	ignored	4
dset-camcan	sub-CC220806	accepted	9
dset-camcan	sub-CC220806	rejected	6
dset-camcan	sub-CC220806	ignored	1
dset-camcan	sub-CC220828	accepted	4
dset-camcan	sub-CC220828	rejected	3
dset-camcan	sub-CC220828	ignored	2
dset-camcan	sub-CC220843	accepted	18
dset-camcan	sub-CC220843	rejected	12
dset-camcan	sub-CC220843	ignored	1
dset-camcan	sub-CC220901	accepted	14
dset-camcan	sub-CC220901	rejected	9
dset-camcan	sub-CC220901	ignored	0
dset-camcan	sub-CC220920	accepted	3
dset-camcan	sub-CC220920	rejected	4
dset-camcan	sub-CC220920	ignored	3
dset-camcan	sub-CC220974	accepted	4
dset-camcan	sub-CC220974	rejected	6
dset-camcan	sub-CC220974	ignored	1
dset-camcan	sub-CC220999	accepted	20
dset-camcan	sub-CC220999	rejected	13
dset-camcan	sub-CC220999	ignored	2
dset-camcan	sub-CC221002	accepted	2
dset-camcan	sub-CC221002	rejected	5
dset-camcan	sub-CC221002	ignored	3
dset-camcan	sub-CC221031	accepted	5
dset-camcan	sub-CC221031	rejected	4
dset-camcan	sub-CC221031	ignored	1
dset-camcan	sub-CC221033	accepted	14
dset-camcan	sub-CC221033	rejected	12
dset-camcan	sub-CC221033	ignored	2
dset-camcan	sub-CC221038	accepted	8
dset-camcan	sub-CC221038	rejected	6
dset-camcan	sub-CC221038	ignored	2
dset-camcan	sub-CC221054	accepted	0
dset-camcan	sub-CC221054	rejected	3
dset-camcan	sub-CC221054	ignored	5
dset-camcan	sub-CC221107	accepted	4
dset-camcan	sub-CC221107	rejected	7
dset-camcan	sub-CC221107	ignored	0
dset-camcan	sub-CC221209	accepted	4
dset-camcan	sub-CC221209	rejected	9
dset-camcan	sub-CC221209	ignored	0
dset-camcan	sub-CC221220	accepted	0
dset-camcan	sub-CC221220	rejected	6
dset-camcan	sub-CC221220	ignored	2
dset-camcan	sub-CC221244	accepted	4
dset-camcan	sub-CC221244	rejected	3
dset-camcan	sub-CC221244	ignored	7
dset-camcan	sub-CC221324	accepted	2
dset-camcan	sub-CC221324	rejected	6
dset-camcan	sub-CC221324	ignored	3
dset-camcan	sub-CC221352	accepted	13
dset-camcan	sub-CC221352	rejected	15
dset-camcan	sub-CC221352	ignored	1
dset-camcan	sub-CC221373	accepted	5
dset-camcan	sub-CC221373	rejected	4
dset-camcan	sub-CC221373	ignored	2
dset-camcan	sub-CC221487	accepted	5
dset-camcan	sub-CC221487	rejected	8
dset-camcan	sub-CC221487	ignored	1
dset-camcan	sub-CC221511	accepted	2
dset-camcan	sub-CC221511	rejected	5
dset-camcan	sub-CC221511	ignored	4
dset-camcan	sub-CC221527	accepted	10
dset-camcan	sub-CC221527	rejected	12
dset-camcan	sub-CC221527	ignored	0
dset-camcan	sub-CC221565	accepted	0
dset-camcan	sub-CC221565	rejected	3
dset-camcan	sub-CC221565	ignored	7
dset-camcan	sub-CC221580	accepted	0
dset-camcan	sub-CC221580	rejected	5
dset-camcan	sub-CC221580	ignored	2
dset-camcan	sub-CC221648	accepted	4
dset-camcan	sub-CC221648	rejected	7
dset-camcan	sub-CC221648	ignored	1
dset-camcan	sub-CC221733	accepted	3
dset-camcan	sub-CC221733	rejected	6
dset-camcan	sub-CC221733	ignored	2
dset-camcan	sub-CC221740	accepted	2
dset-camcan	sub-CC221740	rejected	8
dset-camcan	sub-CC221740	ignored	0
dset-camcan	sub-CC221755	accepted	0
dset-camcan	sub-CC221755	rejected	1
dset-camcan	sub-CC221755	ignored	9
dset-camcan	sub-CC221775	accepted	2
dset-camcan	sub-CC221775	rejected	4
dset-camcan	sub-CC221775	ignored	4
dset-camcan	sub-CC221828	accepted	3
dset-camcan	sub-CC221828	rejected	8
dset-camcan	sub-CC221828	ignored	4
dset-camcan	sub-CC221886	accepted	3
dset-camcan	sub-CC221886	rejected	7
dset-camcan	sub-CC221886	ignored	3
dset-camcan	sub-CC221954	accepted	3
dset-camcan	sub-CC221954	rejected	8
dset-camcan	sub-CC221954	ignored	1
dset-camcan	sub-CC221977	accepted	2
dset-camcan	sub-CC221977	rejected	7
dset-camcan	sub-CC221977	ignored	0
dset-camcan	sub-CC221980	accepted	4
dset-camcan	sub-CC221980	rejected	4
dset-camcan	sub-CC221980	ignored	3
dset-camcan	sub-CC222120	accepted	3
dset-camcan	sub-CC222120	rejected	9
dset-camcan	sub-CC222120	ignored	1
dset-camcan	sub-CC222125	accepted	2
dset-camcan	sub-CC222125	rejected	9
dset-camcan	sub-CC222125	ignored	2
dset-camcan	sub-CC222185	accepted	7
dset-camcan	sub-CC222185	rejected	4
dset-camcan	sub-CC222185	ignored	1
dset-camcan	sub-CC222258	accepted	2
dset-camcan	sub-CC222258	rejected	5
dset-camcan	sub-CC222258	ignored	4
dset-camcan	sub-CC222264	accepted	7
dset-camcan	sub-CC222264	rejected	2
dset-camcan	sub-CC222264	ignored	0
dset-camcan	sub-CC222304	accepted	5
dset-camcan	sub-CC222304	rejected	8
dset-camcan	sub-CC222304	ignored	0
dset-camcan	sub-CC222326	accepted	9
dset-camcan	sub-CC222326	rejected	17
dset-camcan	sub-CC222326	ignored	4
dset-camcan	sub-CC222367	accepted	2
dset-camcan	sub-CC222367	rejected	8
dset-camcan	sub-CC222367	ignored	3
dset-camcan	sub-CC222496	accepted	12
dset-camcan	sub-CC222496	rejected	12
dset-camcan	sub-CC222496	ignored	3
dset-camcan	sub-CC222555	accepted	2
dset-camcan	sub-CC222555	rejected	8
dset-camcan	sub-CC222555	ignored	0
dset-camcan	sub-CC222652	accepted	1
dset-camcan	sub-CC222652	rejected	6
dset-camcan	sub-CC222652	ignored	3
dset-camcan	sub-CC222797	accepted	20
dset-camcan	sub-CC222797	rejected	19
dset-camcan	sub-CC222797	ignored	1
dset-camcan	sub-CC222956	accepted	0
dset-camcan	sub-CC222956	rejected	2
dset-camcan	sub-CC222956	ignored	8
dset-camcan	sub-CC223085	accepted	1
dset-camcan	sub-CC223085	rejected	11
dset-camcan	sub-CC223085	ignored	4
dset-camcan	sub-CC310008	accepted	4
dset-camcan	sub-CC310008	rejected	7
dset-camcan	sub-CC310008	ignored	1
dset-camcan	sub-CC310051	accepted	2
dset-camcan	sub-CC310051	rejected	8
dset-camcan	sub-CC310051	ignored	3
dset-camcan	sub-CC310052	accepted	0
dset-camcan	sub-CC310052	rejected	3
dset-camcan	sub-CC310052	ignored	5
dset-camcan	sub-CC310086	accepted	2
dset-camcan	sub-CC310086	rejected	7
dset-camcan	sub-CC310086	ignored	1
dset-camcan	sub-CC310129	accepted	2
dset-camcan	sub-CC310129	rejected	5
dset-camcan	sub-CC310129	ignored	0
dset-camcan	sub-CC310135	accepted	3
dset-camcan	sub-CC310135	rejected	11
dset-camcan	sub-CC310135	ignored	2
dset-camcan	sub-CC310160	accepted	4
dset-camcan	sub-CC310160	rejected	9
dset-camcan	sub-CC310160	ignored	0
dset-camcan	sub-CC310203	accepted	4
dset-camcan	sub-CC310203	rejected	6
dset-camcan	sub-CC310203	ignored	5
dset-camcan	sub-CC310214	accepted	12
dset-camcan	sub-CC310214	rejected	15
dset-camcan	sub-CC310214	ignored	2
dset-camcan	sub-CC310224	accepted	3
dset-camcan	sub-CC310224	rejected	6
dset-camcan	sub-CC310224	ignored	1
dset-camcan	sub-CC310252	accepted	6
dset-camcan	sub-CC310252	rejected	9
dset-camcan	sub-CC310252	ignored	0
dset-camcan	sub-CC310256	accepted	4
dset-camcan	sub-CC310256	rejected	5
dset-camcan	sub-CC310256	ignored	1
dset-camcan	sub-CC310331	accepted	4
dset-camcan	sub-CC310331	rejected	6
dset-camcan	sub-CC310331	ignored	0
dset-camcan	sub-CC310361	accepted	8
dset-camcan	sub-CC310361	rejected	13
dset-camcan	sub-CC310361	ignored	1
dset-camcan	sub-CC310385	accepted	4
dset-camcan	sub-CC310385	rejected	10
dset-camcan	sub-CC310385	ignored	1
dset-camcan	sub-CC310391	accepted	2
dset-camcan	sub-CC310391	rejected	6
dset-camcan	sub-CC310391	ignored	1
dset-camcan	sub-CC310397	accepted	13
dset-camcan	sub-CC310397	rejected	13
dset-camcan	sub-CC310397	ignored	4
dset-camcan	sub-CC310402	accepted	2
dset-camcan	sub-CC310402	rejected	8
dset-camcan	sub-CC310402	ignored	1
dset-camcan	sub-CC310407	accepted	2
dset-camcan	sub-CC310407	rejected	6
dset-camcan	sub-CC310407	ignored	1
dset-camcan	sub-CC310410	accepted	0
dset-camcan	sub-CC310410	rejected	4
dset-camcan	sub-CC310410	ignored	3
dset-camcan	sub-CC310414	accepted	5
dset-camcan	sub-CC310414	rejected	3
dset-camcan	sub-CC310414	ignored	3
dset-camcan	sub-CC310450	accepted	1
dset-camcan	sub-CC310450	rejected	6
dset-camcan	sub-CC310450	ignored	3
dset-camcan	sub-CC310463	accepted	9
dset-camcan	sub-CC310463	rejected	14
dset-camcan	sub-CC310463	ignored	2
dset-camcan	sub-CC310473	accepted	5
dset-camcan	sub-CC310473	rejected	5
dset-camcan	sub-CC310473	ignored	1
dset-camcan	sub-CC312058	accepted	3
dset-camcan	sub-CC312058	rejected	8
dset-camcan	sub-CC312058	ignored	0
dset-camcan	sub-CC312222	accepted	2
dset-camcan	sub-CC312222	rejected	6
dset-camcan	sub-CC312222	ignored	4
dset-camcan	sub-CC320002	accepted	2
dset-camcan	sub-CC320002	rejected	6
dset-camcan	sub-CC320002	ignored	5
dset-camcan	sub-CC320022	accepted	3
dset-camcan	sub-CC320022	rejected	5
dset-camcan	sub-CC320022	ignored	2
dset-camcan	sub-CC320059	accepted	7
dset-camcan	sub-CC320059	rejected	7
dset-camcan	sub-CC320059	ignored	0
dset-camcan	sub-CC320088	accepted	3
dset-camcan	sub-CC320088	rejected	6
dset-camcan	sub-CC320088	ignored	6
dset-camcan	sub-CC320089	accepted	2
dset-camcan	sub-CC320089	rejected	9
dset-camcan	sub-CC320089	ignored	4
dset-camcan	sub-CC320107	accepted	2
dset-camcan	sub-CC320107	rejected	5
dset-camcan	sub-CC320107	ignored	3
dset-camcan	sub-CC320109	accepted	4
dset-camcan	sub-CC320109	rejected	7
dset-camcan	sub-CC320109	ignored	0
dset-camcan	sub-CC320160	accepted	4
dset-camcan	sub-CC320160	rejected	7
dset-camcan	sub-CC320160	ignored	2
dset-camcan	sub-CC320202	accepted	2
dset-camcan	sub-CC320202	rejected	6
dset-camcan	sub-CC320202	ignored	0
dset-camcan	sub-CC320206	accepted	2
dset-camcan	sub-CC320206	rejected	6
dset-camcan	sub-CC320206	ignored	2
dset-camcan	sub-CC320218	accepted	0
dset-camcan	sub-CC320218	rejected	6
dset-camcan	sub-CC320218	ignored	4
dset-camcan	sub-CC320267	accepted	0
dset-camcan	sub-CC320267	rejected	2
dset-camcan	sub-CC320267	ignored	8
dset-camcan	sub-CC320269	accepted	2
dset-camcan	sub-CC320269	rejected	4
dset-camcan	sub-CC320269	ignored	3
dset-camcan	sub-CC320297	accepted	4
dset-camcan	sub-CC320297	rejected	9
dset-camcan	sub-CC320297	ignored	0
dset-camcan	sub-CC320321	accepted	3
dset-camcan	sub-CC320321	rejected	6
dset-camcan	sub-CC320321	ignored	1
dset-camcan	sub-CC320325	accepted	4
dset-camcan	sub-CC320325	rejected	4
dset-camcan	sub-CC320325	ignored	1
dset-camcan	sub-CC320342	accepted	2
dset-camcan	sub-CC320342	rejected	7
dset-camcan	sub-CC320342	ignored	2
dset-camcan	sub-CC320359	accepted	4
dset-camcan	sub-CC320359	rejected	11
dset-camcan	sub-CC320359	ignored	2
dset-camcan	sub-CC320417	accepted	13
dset-camcan	sub-CC320417	rejected	7
dset-camcan	sub-CC320417	ignored	3
dset-camcan	sub-CC320429	accepted	3
dset-camcan	sub-CC320429	rejected	8
dset-camcan	sub-CC320429	ignored	3
dset-camcan	sub-CC320448	accepted	2
dset-camcan	sub-CC320448	rejected	10
dset-camcan	sub-CC320448	ignored	2
dset-camcan	sub-CC320461	accepted	3
dset-camcan	sub-CC320461	rejected	8
dset-camcan	sub-CC320461	ignored	4
dset-camcan	sub-CC320478	accepted	4
dset-camcan	sub-CC320478	rejected	9
dset-camcan	sub-CC320478	ignored	2
dset-camcan	sub-CC320500	accepted	2
dset-camcan	sub-CC320500	rejected	7
dset-camcan	sub-CC320500	ignored	3
dset-camcan	sub-CC320553	accepted	2
dset-camcan	sub-CC320553	rejected	8
dset-camcan	sub-CC320553	ignored	3
dset-camcan	sub-CC320568	accepted	8
dset-camcan	sub-CC320568	rejected	8
dset-camcan	sub-CC320568	ignored	0
dset-camcan	sub-CC320574	accepted	5
dset-camcan	sub-CC320574	rejected	8
dset-camcan	sub-CC320574	ignored	0
dset-camcan	sub-CC320575	accepted	11
dset-camcan	sub-CC320575	rejected	10
dset-camcan	sub-CC320575	ignored	0
dset-camcan	sub-CC320576	accepted	5
dset-camcan	sub-CC320576	rejected	12
dset-camcan	sub-CC320576	ignored	0
dset-camcan	sub-CC320608	accepted	5
dset-camcan	sub-CC320608	rejected	6
dset-camcan	sub-CC320608	ignored	0
dset-camcan	sub-CC320616	accepted	2
dset-camcan	sub-CC320616	rejected	8
dset-camcan	sub-CC320616	ignored	1
dset-camcan	sub-CC320621	accepted	6
dset-camcan	sub-CC320621	rejected	8
dset-camcan	sub-CC320621	ignored	0
dset-camcan	sub-CC320636	accepted	12
dset-camcan	sub-CC320636	rejected	18
dset-camcan	sub-CC320636	ignored	0
dset-camcan	sub-CC320651	accepted	5
dset-camcan	sub-CC320651	rejected	3
dset-camcan	sub-CC320651	ignored	1
dset-camcan	sub-CC320661	accepted	3
dset-camcan	sub-CC320661	rejected	7
dset-camcan	sub-CC320661	ignored	3
dset-camcan	sub-CC320680	accepted	3
dset-camcan	sub-CC320680	rejected	6
dset-camcan	sub-CC320680	ignored	4
dset-camcan	sub-CC320686	accepted	0
dset-camcan	sub-CC320686	rejected	4
dset-camcan	sub-CC320686	ignored	8
dset-camcan	sub-CC320687	accepted	0
dset-camcan	sub-CC320687	rejected	2
dset-camcan	sub-CC320687	ignored	8
dset-camcan	sub-CC320698	accepted	4
dset-camcan	sub-CC320698	rejected	5
dset-camcan	sub-CC320698	ignored	0
dset-camcan	sub-CC320759	accepted	8
dset-camcan	sub-CC320759	rejected	17
dset-camcan	sub-CC320759	ignored	3
dset-camcan	sub-CC320776	accepted	0
dset-camcan	sub-CC320776	rejected	6
dset-camcan	sub-CC320776	ignored	5
dset-camcan	sub-CC320814	accepted	4
dset-camcan	sub-CC320814	rejected	7
dset-camcan	sub-CC320814	ignored	5
dset-camcan	sub-CC320850	accepted	2
dset-camcan	sub-CC320850	rejected	4
dset-camcan	sub-CC320850	ignored	5
dset-camcan	sub-CC320870	accepted	0
dset-camcan	sub-CC320870	rejected	3
dset-camcan	sub-CC320870	ignored	7
dset-camcan	sub-CC320888	accepted	0
dset-camcan	sub-CC320888	rejected	3
dset-camcan	sub-CC320888	ignored	8
dset-camcan	sub-CC320893	accepted	3
dset-camcan	sub-CC320893	rejected	5
dset-camcan	sub-CC320893	ignored	0
dset-camcan	sub-CC320904	accepted	2
dset-camcan	sub-CC320904	rejected	3
dset-camcan	sub-CC320904	ignored	4
dset-camcan	sub-CC321000	accepted	2
dset-camcan	sub-CC321000	rejected	7
dset-camcan	sub-CC321000	ignored	2
dset-camcan	sub-CC321025	accepted	8
dset-camcan	sub-CC321025	rejected	3
dset-camcan	sub-CC321025	ignored	1
dset-camcan	sub-CC321069	accepted	5
dset-camcan	sub-CC321069	rejected	9
dset-camcan	sub-CC321069	ignored	0
dset-camcan	sub-CC321073	accepted	2
dset-camcan	sub-CC321073	rejected	5
dset-camcan	sub-CC321073	ignored	4
dset-camcan	sub-CC321087	accepted	2
dset-camcan	sub-CC321087	rejected	6
dset-camcan	sub-CC321087	ignored	2
dset-camcan	sub-CC321137	accepted	2
dset-camcan	sub-CC321137	rejected	8
dset-camcan	sub-CC321137	ignored	0
dset-camcan	sub-CC321154	accepted	0
dset-camcan	sub-CC321154	rejected	2
dset-camcan	sub-CC321154	ignored	8
dset-camcan	sub-CC321174	accepted	17
dset-camcan	sub-CC321174	rejected	8
dset-camcan	sub-CC321174	ignored	1
dset-camcan	sub-CC321203	accepted	12
dset-camcan	sub-CC321203	rejected	6
dset-camcan	sub-CC321203	ignored	0
dset-camcan	sub-CC321281	accepted	19
dset-camcan	sub-CC321281	rejected	11
dset-camcan	sub-CC321281	ignored	1
dset-camcan	sub-CC321291	accepted	14
dset-camcan	sub-CC321291	rejected	17
dset-camcan	sub-CC321291	ignored	1
dset-camcan	sub-CC321331	accepted	18
dset-camcan	sub-CC321331	rejected	7
dset-camcan	sub-CC321331	ignored	2
dset-camcan	sub-CC321368	accepted	3
dset-camcan	sub-CC321368	rejected	5
dset-camcan	sub-CC321368	ignored	2
dset-camcan	sub-CC321428	accepted	3
dset-camcan	sub-CC321428	rejected	6
dset-camcan	sub-CC321428	ignored	4
dset-camcan	sub-CC321431	accepted	4
dset-camcan	sub-CC321431	rejected	6
dset-camcan	sub-CC321431	ignored	1
dset-camcan	sub-CC321464	accepted	5
dset-camcan	sub-CC321464	rejected	7
dset-camcan	sub-CC321464	ignored	0
dset-camcan	sub-CC321504	accepted	7
dset-camcan	sub-CC321504	rejected	9
dset-camcan	sub-CC321504	ignored	1
dset-camcan	sub-CC321506	accepted	6
dset-camcan	sub-CC321506	rejected	17
dset-camcan	sub-CC321506	ignored	1
dset-camcan	sub-CC321529	accepted	5
dset-camcan	sub-CC321529	rejected	4
dset-camcan	sub-CC321529	ignored	4
dset-camcan	sub-CC321544	accepted	8
dset-camcan	sub-CC321544	rejected	13
dset-camcan	sub-CC321544	ignored	2
dset-camcan	sub-CC321557	accepted	2
dset-camcan	sub-CC321557	rejected	8
dset-camcan	sub-CC321557	ignored	4
dset-camcan	sub-CC321585	accepted	2
dset-camcan	sub-CC321585	rejected	7
dset-camcan	sub-CC321585	ignored	1
dset-camcan	sub-CC321594	accepted	2
dset-camcan	sub-CC321594	rejected	6
dset-camcan	sub-CC321594	ignored	2
dset-camcan	sub-CC321595	accepted	2
dset-camcan	sub-CC321595	rejected	6
dset-camcan	sub-CC321595	ignored	0
dset-camcan	sub-CC321880	accepted	2
dset-camcan	sub-CC321880	rejected	7
dset-camcan	sub-CC321880	ignored	2
dset-camcan	sub-CC321899	accepted	2
dset-camcan	sub-CC321899	rejected	8
dset-camcan	sub-CC321899	ignored	0
dset-camcan	sub-CC321976	accepted	1
dset-camcan	sub-CC321976	rejected	5
dset-camcan	sub-CC321976	ignored	4
dset-camcan	sub-CC322186	accepted	6
dset-camcan	sub-CC322186	rejected	6
dset-camcan	sub-CC322186	ignored	0
dset-camcan	sub-CC410015	accepted	2
dset-camcan	sub-CC410015	rejected	9
dset-camcan	sub-CC410015	ignored	2
dset-camcan	sub-CC410040	accepted	4
dset-camcan	sub-CC410040	rejected	10
dset-camcan	sub-CC410040	ignored	0
dset-camcan	sub-CC410084	accepted	5
dset-camcan	sub-CC410084	rejected	8
dset-camcan	sub-CC410084	ignored	1
dset-camcan	sub-CC410086	accepted	2
dset-camcan	sub-CC410086	rejected	9
dset-camcan	sub-CC410086	ignored	3
dset-camcan	sub-CC410091	accepted	9
dset-camcan	sub-CC410091	rejected	5
dset-camcan	sub-CC410091	ignored	2
dset-camcan	sub-CC410094	accepted	2
dset-camcan	sub-CC410094	rejected	7
dset-camcan	sub-CC410094	ignored	3
dset-camcan	sub-CC410097	accepted	11
dset-camcan	sub-CC410097	rejected	11
dset-camcan	sub-CC410097	ignored	3
dset-camcan	sub-CC410101	accepted	3
dset-camcan	sub-CC410101	rejected	6
dset-camcan	sub-CC410101	ignored	4
dset-camcan	sub-CC410113	accepted	4
dset-camcan	sub-CC410113	rejected	10
dset-camcan	sub-CC410113	ignored	0
dset-camcan	sub-CC410119	accepted	0
dset-camcan	sub-CC410119	rejected	12
dset-camcan	sub-CC410119	ignored	12
dset-camcan	sub-CC410121	accepted	6
dset-camcan	sub-CC410121	rejected	3
dset-camcan	sub-CC410121	ignored	0
dset-camcan	sub-CC410169	accepted	7
dset-camcan	sub-CC410169	rejected	2
dset-camcan	sub-CC410169	ignored	0
dset-camcan	sub-CC410173	accepted	3
dset-camcan	sub-CC410173	rejected	16
dset-camcan	sub-CC410173	ignored	0
dset-camcan	sub-CC410177	accepted	3
dset-camcan	sub-CC410177	rejected	8
dset-camcan	sub-CC410177	ignored	2
dset-camcan	sub-CC410179	accepted	5
dset-camcan	sub-CC410179	rejected	11
dset-camcan	sub-CC410179	ignored	1
dset-camcan	sub-CC410182	accepted	12
dset-camcan	sub-CC410182	rejected	16
dset-camcan	sub-CC410182	ignored	2
dset-camcan	sub-CC410220	accepted	9
dset-camcan	sub-CC410220	rejected	7
dset-camcan	sub-CC410220	ignored	0
dset-camcan	sub-CC410222	accepted	19
dset-camcan	sub-CC410222	rejected	15
dset-camcan	sub-CC410222	ignored	2
dset-camcan	sub-CC410226	accepted	3
dset-camcan	sub-CC410226	rejected	5
dset-camcan	sub-CC410226	ignored	1
dset-camcan	sub-CC410243	accepted	2
dset-camcan	sub-CC410243	rejected	10
dset-camcan	sub-CC410243	ignored	6
dset-camcan	sub-CC410248	accepted	0
dset-camcan	sub-CC410248	rejected	6
dset-camcan	sub-CC410248	ignored	7
dset-camcan	sub-CC410251	accepted	9
dset-camcan	sub-CC410251	rejected	6
dset-camcan	sub-CC410251	ignored	0
dset-camcan	sub-CC410284	accepted	0
dset-camcan	sub-CC410284	rejected	5
dset-camcan	sub-CC410284	ignored	6
dset-camcan	sub-CC410287	accepted	7
dset-camcan	sub-CC410287	rejected	18
dset-camcan	sub-CC410287	ignored	1
dset-camcan	sub-CC410289	accepted	11
dset-camcan	sub-CC410289	rejected	13
dset-camcan	sub-CC410289	ignored	0
dset-camcan	sub-CC410297	accepted	6
dset-camcan	sub-CC410297	rejected	20
dset-camcan	sub-CC410297	ignored	4
dset-camcan	sub-CC410323	accepted	3
dset-camcan	sub-CC410323	rejected	6
dset-camcan	sub-CC410323	ignored	1
dset-camcan	sub-CC410325	accepted	4
dset-camcan	sub-CC410325	rejected	7
dset-camcan	sub-CC410325	ignored	2
dset-camcan	sub-CC410354	accepted	2
dset-camcan	sub-CC410354	rejected	8
dset-camcan	sub-CC410354	ignored	0
dset-camcan	sub-CC410387	accepted	4
dset-camcan	sub-CC410387	rejected	5
dset-camcan	sub-CC410387	ignored	0
dset-camcan	sub-CC410390	accepted	6
dset-camcan	sub-CC410390	rejected	4
dset-camcan	sub-CC410390	ignored	0
dset-camcan	sub-CC410432	accepted	1
dset-camcan	sub-CC410432	rejected	5
dset-camcan	sub-CC410432	ignored	4
dset-camcan	sub-CC412004	accepted	4
dset-camcan	sub-CC412004	rejected	6
dset-camcan	sub-CC412004	ignored	0
dset-camcan	sub-CC412021	accepted	15
dset-camcan	sub-CC412021	rejected	15
dset-camcan	sub-CC412021	ignored	0
dset-camcan	sub-CC420004	accepted	3
dset-camcan	sub-CC420004	rejected	7
dset-camcan	sub-CC420004	ignored	3
dset-camcan	sub-CC420060	accepted	4
dset-camcan	sub-CC420060	rejected	10
dset-camcan	sub-CC420060	ignored	0
dset-camcan	sub-CC420061	accepted	4
dset-camcan	sub-CC420061	rejected	6
dset-camcan	sub-CC420061	ignored	2
dset-camcan	sub-CC420071	accepted	9
dset-camcan	sub-CC420071	rejected	8
dset-camcan	sub-CC420071	ignored	0
dset-camcan	sub-CC420075	accepted	5
dset-camcan	sub-CC420075	rejected	9
dset-camcan	sub-CC420075	ignored	0
dset-camcan	sub-CC420089	accepted	3
dset-camcan	sub-CC420089	rejected	5
dset-camcan	sub-CC420089	ignored	3
dset-camcan	sub-CC420091	accepted	2
dset-camcan	sub-CC420091	rejected	7
dset-camcan	sub-CC420091	ignored	0
dset-camcan	sub-CC420094	accepted	3
dset-camcan	sub-CC420094	rejected	9
dset-camcan	sub-CC420094	ignored	2
dset-camcan	sub-CC420100	accepted	0
dset-camcan	sub-CC420100	rejected	5
dset-camcan	sub-CC420100	ignored	3
dset-camcan	sub-CC420137	accepted	6
dset-camcan	sub-CC420137	rejected	8
dset-camcan	sub-CC420137	ignored	2
dset-camcan	sub-CC420143	accepted	9
dset-camcan	sub-CC420143	rejected	13
dset-camcan	sub-CC420143	ignored	1
dset-camcan	sub-CC420148	accepted	0
dset-camcan	sub-CC420148	rejected	1
dset-camcan	sub-CC420148	ignored	10
dset-camcan	sub-CC420149	accepted	4
dset-camcan	sub-CC420149	rejected	5
dset-camcan	sub-CC420149	ignored	5
dset-camcan	sub-CC420157	accepted	6
dset-camcan	sub-CC420157	rejected	18
dset-camcan	sub-CC420157	ignored	3
dset-camcan	sub-CC420162	accepted	2
dset-camcan	sub-CC420162	rejected	5
dset-camcan	sub-CC420162	ignored	5
dset-camcan	sub-CC420167	accepted	0
dset-camcan	sub-CC420167	rejected	3
dset-camcan	sub-CC420167	ignored	7
dset-camcan	sub-CC420173	accepted	6
dset-camcan	sub-CC420173	rejected	7
dset-camcan	sub-CC420173	ignored	0
dset-camcan	sub-CC420180	accepted	11
dset-camcan	sub-CC420180	rejected	9
dset-camcan	sub-CC420180	ignored	0
dset-camcan	sub-CC420182	accepted	5
dset-camcan	sub-CC420182	rejected	9
dset-camcan	sub-CC420182	ignored	2
dset-camcan	sub-CC420197	accepted	4
dset-camcan	sub-CC420197	rejected	4
dset-camcan	sub-CC420197	ignored	0
dset-camcan	sub-CC420198	accepted	9
dset-camcan	sub-CC420198	rejected	6
dset-camcan	sub-CC420198	ignored	1
dset-camcan	sub-CC420202	accepted	4
dset-camcan	sub-CC420202	rejected	9
dset-camcan	sub-CC420202	ignored	0
dset-camcan	sub-CC420204	accepted	12
dset-camcan	sub-CC420204	rejected	7
dset-camcan	sub-CC420204	ignored	1
dset-camcan	sub-CC420217	accepted	0
dset-camcan	sub-CC420217	rejected	8
dset-camcan	sub-CC420217	ignored	4
dset-camcan	sub-CC420222	accepted	0
dset-camcan	sub-CC420222	rejected	4
dset-camcan	sub-CC420222	ignored	6
dset-camcan	sub-CC420226	accepted	7
dset-camcan	sub-CC420226	rejected	9
dset-camcan	sub-CC420226	ignored	0
dset-camcan	sub-CC420229	accepted	3
dset-camcan	sub-CC420229	rejected	4
dset-camcan	sub-CC420229	ignored	2
dset-camcan	sub-CC420231	accepted	4
dset-camcan	sub-CC420231	rejected	8
dset-camcan	sub-CC420231	ignored	0
dset-camcan	sub-CC420236	accepted	4
dset-camcan	sub-CC420236	rejected	5
dset-camcan	sub-CC420236	ignored	2
dset-camcan	sub-CC420241	accepted	3
dset-camcan	sub-CC420241	rejected	9
dset-camcan	sub-CC420241	ignored	4
dset-camcan	sub-CC420259	accepted	6
dset-camcan	sub-CC420259	rejected	5
dset-camcan	sub-CC420259	ignored	2
dset-camcan	sub-CC420260	accepted	4
dset-camcan	sub-CC420260	rejected	8
dset-camcan	sub-CC420260	ignored	4
dset-camcan	sub-CC420261	accepted	9
dset-camcan	sub-CC420261	rejected	6
dset-camcan	sub-CC420261	ignored	0
dset-camcan	sub-CC420286	accepted	2
dset-camcan	sub-CC420286	rejected	9
dset-camcan	sub-CC420286	ignored	2
dset-camcan	sub-CC420322	accepted	0
dset-camcan	sub-CC420322	rejected	6
dset-camcan	sub-CC420322	ignored	4
dset-camcan	sub-CC420324	accepted	10
dset-camcan	sub-CC420324	rejected	16
dset-camcan	sub-CC420324	ignored	2
dset-camcan	sub-CC420348	accepted	10
dset-camcan	sub-CC420348	rejected	12
dset-camcan	sub-CC420348	ignored	2
dset-camcan	sub-CC420356	accepted	3
dset-camcan	sub-CC420356	rejected	4
dset-camcan	sub-CC420356	ignored	2
dset-camcan	sub-CC420383	accepted	3
dset-camcan	sub-CC420383	rejected	7
dset-camcan	sub-CC420383	ignored	2
dset-camcan	sub-CC420392	accepted	6
dset-camcan	sub-CC420392	rejected	7
dset-camcan	sub-CC420392	ignored	2
dset-camcan	sub-CC420396	accepted	3
dset-camcan	sub-CC420396	rejected	4
dset-camcan	sub-CC420396	ignored	4
dset-camcan	sub-CC420402	accepted	13
dset-camcan	sub-CC420402	rejected	13
dset-camcan	sub-CC420402	ignored	0
dset-camcan	sub-CC420412	accepted	3
dset-camcan	sub-CC420412	rejected	9
dset-camcan	sub-CC420412	ignored	5
dset-camcan	sub-CC420433	accepted	0
dset-camcan	sub-CC420433	rejected	5
dset-camcan	sub-CC420433	ignored	6
dset-camcan	sub-CC420435	accepted	5
dset-camcan	sub-CC420435	rejected	6
dset-camcan	sub-CC420435	ignored	1
dset-camcan	sub-CC420454	accepted	5
dset-camcan	sub-CC420454	rejected	6
dset-camcan	sub-CC420454	ignored	5
dset-camcan	sub-CC420462	accepted	7
dset-camcan	sub-CC420462	rejected	4
dset-camcan	sub-CC420462	ignored	0
dset-camcan	sub-CC420464	accepted	4
dset-camcan	sub-CC420464	rejected	7
dset-camcan	sub-CC420464	ignored	0
dset-camcan	sub-CC420493	accepted	4
dset-camcan	sub-CC420493	rejected	8
dset-camcan	sub-CC420493	ignored	6
dset-camcan	sub-CC420566	accepted	3
dset-camcan	sub-CC420566	rejected	11
dset-camcan	sub-CC420566	ignored	9
dset-camcan	sub-CC420582	accepted	3
dset-camcan	sub-CC420582	rejected	9
dset-camcan	sub-CC420582	ignored	1
dset-camcan	sub-CC420589	accepted	1
dset-camcan	sub-CC420589	rejected	8
dset-camcan	sub-CC420589	ignored	1
dset-camcan	sub-CC420623	accepted	15
dset-camcan	sub-CC420623	rejected	26
dset-camcan	sub-CC420623	ignored	0
dset-camcan	sub-CC420729	accepted	7
dset-camcan	sub-CC420729	rejected	7
dset-camcan	sub-CC420729	ignored	0
dset-camcan	sub-CC420776	accepted	4
dset-camcan	sub-CC420776	rejected	4
dset-camcan	sub-CC420776	ignored	2
dset-camcan	sub-CC420888	accepted	3
dset-camcan	sub-CC420888	rejected	11
dset-camcan	sub-CC420888	ignored	2
dset-camcan	sub-CC510015	accepted	0
dset-camcan	sub-CC510015	rejected	5
dset-camcan	sub-CC510015	ignored	7
dset-camcan	sub-CC510039	accepted	3
dset-camcan	sub-CC510039	rejected	7
dset-camcan	sub-CC510039	ignored	2
dset-camcan	sub-CC510050	accepted	2
dset-camcan	sub-CC510050	rejected	6
dset-camcan	sub-CC510050	ignored	5
dset-camcan	sub-CC510076	accepted	7
dset-camcan	sub-CC510076	rejected	6
dset-camcan	sub-CC510076	ignored	0
dset-camcan	sub-CC510086	accepted	4
dset-camcan	sub-CC510086	rejected	6
dset-camcan	sub-CC510086	ignored	0
dset-camcan	sub-CC510115	accepted	7
dset-camcan	sub-CC510115	rejected	13
dset-camcan	sub-CC510115	ignored	0
dset-camcan	sub-CC510161	accepted	5
dset-camcan	sub-CC510161	rejected	12
dset-camcan	sub-CC510161	ignored	0
dset-camcan	sub-CC510163	accepted	4
dset-camcan	sub-CC510163	rejected	6
dset-camcan	sub-CC510163	ignored	2
dset-camcan	sub-CC510208	accepted	4
dset-camcan	sub-CC510208	rejected	11
dset-camcan	sub-CC510208	ignored	2
dset-camcan	sub-CC510220	accepted	15
dset-camcan	sub-CC510220	rejected	8
dset-camcan	sub-CC510220	ignored	0
dset-camcan	sub-CC510226	accepted	7
dset-camcan	sub-CC510226	rejected	11
dset-camcan	sub-CC510226	ignored	2
dset-camcan	sub-CC510237	accepted	3
dset-camcan	sub-CC510237	rejected	8
dset-camcan	sub-CC510237	ignored	3
dset-camcan	sub-CC510242	accepted	3
dset-camcan	sub-CC510242	rejected	6
dset-camcan	sub-CC510242	ignored	4
dset-camcan	sub-CC510243	accepted	15
dset-camcan	sub-CC510243	rejected	12
dset-camcan	sub-CC510243	ignored	2
dset-camcan	sub-CC510255	accepted	16
dset-camcan	sub-CC510255	rejected	11
dset-camcan	sub-CC510255	ignored	0
dset-camcan	sub-CC510256	accepted	6
dset-camcan	sub-CC510256	rejected	9
dset-camcan	sub-CC510256	ignored	0
dset-camcan	sub-CC510258	accepted	13
dset-camcan	sub-CC510258	rejected	15
dset-camcan	sub-CC510258	ignored	0
dset-camcan	sub-CC510259	accepted	12
dset-camcan	sub-CC510259	rejected	14
dset-camcan	sub-CC510259	ignored	1
dset-camcan	sub-CC510284	accepted	9
dset-camcan	sub-CC510284	rejected	20
dset-camcan	sub-CC510284	ignored	1
dset-camcan	sub-CC510304	accepted	2
dset-camcan	sub-CC510304	rejected	9
dset-camcan	sub-CC510304	ignored	6
dset-camcan	sub-CC510321	accepted	2
dset-camcan	sub-CC510321	rejected	6
dset-camcan	sub-CC510321	ignored	3
dset-camcan	sub-CC510323	accepted	10
dset-camcan	sub-CC510323	rejected	13
dset-camcan	sub-CC510323	ignored	2
dset-camcan	sub-CC510329	accepted	2
dset-camcan	sub-CC510329	rejected	7
dset-camcan	sub-CC510329	ignored	5
dset-camcan	sub-CC510342	accepted	0
dset-camcan	sub-CC510342	rejected	3
dset-camcan	sub-CC510342	ignored	6
dset-camcan	sub-CC510355	accepted	0
dset-camcan	sub-CC510355	rejected	6
dset-camcan	sub-CC510355	ignored	10
dset-camcan	sub-CC510392	accepted	9
dset-camcan	sub-CC510392	rejected	3
dset-camcan	sub-CC510392	ignored	0
dset-camcan	sub-CC510393	accepted	10
dset-camcan	sub-CC510393	rejected	15
dset-camcan	sub-CC510393	ignored	0
dset-camcan	sub-CC510395	accepted	0
dset-camcan	sub-CC510395	rejected	5
dset-camcan	sub-CC510395	ignored	5
dset-camcan	sub-CC510415	accepted	6
dset-camcan	sub-CC510415	rejected	9
dset-camcan	sub-CC510415	ignored	0
dset-camcan	sub-CC510433	accepted	12
dset-camcan	sub-CC510433	rejected	11
dset-camcan	sub-CC510433	ignored	0
dset-camcan	sub-CC510434	accepted	0
dset-camcan	sub-CC510434	rejected	7
dset-camcan	sub-CC510434	ignored	8
dset-camcan	sub-CC510438	accepted	8
dset-camcan	sub-CC510438	rejected	10
dset-camcan	sub-CC510438	ignored	0
dset-camcan	sub-CC510473	accepted	0
dset-camcan	sub-CC510473	rejected	8
dset-camcan	sub-CC510473	ignored	11
dset-camcan	sub-CC510474	accepted	3
dset-camcan	sub-CC510474	rejected	7
dset-camcan	sub-CC510474	ignored	0
dset-camcan	sub-CC510480	accepted	20
dset-camcan	sub-CC510480	rejected	20
dset-camcan	sub-CC510480	ignored	0
dset-camcan	sub-CC510483	accepted	14
dset-camcan	sub-CC510483	rejected	22
dset-camcan	sub-CC510483	ignored	0
dset-camcan	sub-CC510486	accepted	2
dset-camcan	sub-CC510486	rejected	7
dset-camcan	sub-CC510486	ignored	3
dset-camcan	sub-CC510534	accepted	6
dset-camcan	sub-CC510534	rejected	20
dset-camcan	sub-CC510534	ignored	2
dset-camcan	sub-CC510548	accepted	3
dset-camcan	sub-CC510548	rejected	6
dset-camcan	sub-CC510548	ignored	7
dset-camcan	sub-CC510551	accepted	0
dset-camcan	sub-CC510551	rejected	3
dset-camcan	sub-CC510551	ignored	8
dset-camcan	sub-CC510568	accepted	3
dset-camcan	sub-CC510568	rejected	9
dset-camcan	sub-CC510568	ignored	1
dset-camcan	sub-CC510609	accepted	1
dset-camcan	sub-CC510609	rejected	7
dset-camcan	sub-CC510609	ignored	2
dset-camcan	sub-CC510629	accepted	9
dset-camcan	sub-CC510629	rejected	6
dset-camcan	sub-CC510629	ignored	0
dset-camcan	sub-CC510639	accepted	6
dset-camcan	sub-CC510639	rejected	14
dset-camcan	sub-CC510639	ignored	0
dset-camcan	sub-CC510648	accepted	9
dset-camcan	sub-CC510648	rejected	9
dset-camcan	sub-CC510648	ignored	2
dset-camcan	sub-CC512003	accepted	4
dset-camcan	sub-CC512003	rejected	10
dset-camcan	sub-CC512003	ignored	0
dset-camcan	sub-CC520002	accepted	2
dset-camcan	sub-CC520002	rejected	9
dset-camcan	sub-CC520002	ignored	3
dset-camcan	sub-CC520011	accepted	4
dset-camcan	sub-CC520011	rejected	5
dset-camcan	sub-CC520011	ignored	4
dset-camcan	sub-CC520013	accepted	5
dset-camcan	sub-CC520013	rejected	6
dset-camcan	sub-CC520013	ignored	1
dset-camcan	sub-CC520042	accepted	12
dset-camcan	sub-CC520042	rejected	15
dset-camcan	sub-CC520042	ignored	2
dset-camcan	sub-CC520053	accepted	1
dset-camcan	sub-CC520053	rejected	9
dset-camcan	sub-CC520053	ignored	1
dset-camcan	sub-CC520055	accepted	3
dset-camcan	sub-CC520055	rejected	7
dset-camcan	sub-CC520055	ignored	0
dset-camcan	sub-CC520065	accepted	3
dset-camcan	sub-CC520065	rejected	6
dset-camcan	sub-CC520065	ignored	2
dset-camcan	sub-CC520078	accepted	1
dset-camcan	sub-CC520078	rejected	7
dset-camcan	sub-CC520078	ignored	4
dset-camcan	sub-CC520083	accepted	1
dset-camcan	sub-CC520083	rejected	7
dset-camcan	sub-CC520083	ignored	2
dset-camcan	sub-CC520097	accepted	10
dset-camcan	sub-CC520097	rejected	3
dset-camcan	sub-CC520097	ignored	0
dset-camcan	sub-CC520122	accepted	5
dset-camcan	sub-CC520122	rejected	3
dset-camcan	sub-CC520122	ignored	1
dset-camcan	sub-CC520127	accepted	7
dset-camcan	sub-CC520127	rejected	16
dset-camcan	sub-CC520127	ignored	2
dset-camcan	sub-CC520134	accepted	5
dset-camcan	sub-CC520134	rejected	5
dset-camcan	sub-CC520134	ignored	1
dset-camcan	sub-CC520136	accepted	8
dset-camcan	sub-CC520136	rejected	7
dset-camcan	sub-CC520136	ignored	3
dset-camcan	sub-CC520147	accepted	4
dset-camcan	sub-CC520147	rejected	6
dset-camcan	sub-CC520147	ignored	0
dset-camcan	sub-CC520168	accepted	0
dset-camcan	sub-CC520168	rejected	4
dset-camcan	sub-CC520168	ignored	8
dset-camcan	sub-CC520175	accepted	4
dset-camcan	sub-CC520175	rejected	6
dset-camcan	sub-CC520175	ignored	0
dset-camcan	sub-CC520197	accepted	3
dset-camcan	sub-CC520197	rejected	8
dset-camcan	sub-CC520197	ignored	2
dset-camcan	sub-CC520200	accepted	0
dset-camcan	sub-CC520200	rejected	6
dset-camcan	sub-CC520200	ignored	3
dset-camcan	sub-CC520209	accepted	3
dset-camcan	sub-CC520209	rejected	7
dset-camcan	sub-CC520209	ignored	0
dset-camcan	sub-CC520211	accepted	15
dset-camcan	sub-CC520211	rejected	12
dset-camcan	sub-CC520211	ignored	1
dset-camcan	sub-CC520215	accepted	5
dset-camcan	sub-CC520215	rejected	9
dset-camcan	sub-CC520215	ignored	0
dset-camcan	sub-CC520239	accepted	1
dset-camcan	sub-CC520239	rejected	6
dset-camcan	sub-CC520239	ignored	3
dset-camcan	sub-CC520247	accepted	3
dset-camcan	sub-CC520247	rejected	5
dset-camcan	sub-CC520247	ignored	3
dset-camcan	sub-CC520253	accepted	1
dset-camcan	sub-CC520253	rejected	9
dset-camcan	sub-CC520253	ignored	6
dset-camcan	sub-CC520254	accepted	3
dset-camcan	sub-CC520254	rejected	8
dset-camcan	sub-CC520254	ignored	8
dset-camcan	sub-CC520279	accepted	10
dset-camcan	sub-CC520279	rejected	14
dset-camcan	sub-CC520279	ignored	1
dset-camcan	sub-CC520287	accepted	8
dset-camcan	sub-CC520287	rejected	21
dset-camcan	sub-CC520287	ignored	0
dset-camcan	sub-CC520377	accepted	3
dset-camcan	sub-CC520377	rejected	8
dset-camcan	sub-CC520377	ignored	2
dset-camcan	sub-CC520390	accepted	5
dset-camcan	sub-CC520390	rejected	2
dset-camcan	sub-CC520390	ignored	3
dset-camcan	sub-CC520391	accepted	5
dset-camcan	sub-CC520391	rejected	7
dset-camcan	sub-CC520391	ignored	0
dset-camcan	sub-CC520395	accepted	10
dset-camcan	sub-CC520395	rejected	14
dset-camcan	sub-CC520395	ignored	1
dset-camcan	sub-CC520398	accepted	9
dset-camcan	sub-CC520398	rejected	17
dset-camcan	sub-CC520398	ignored	1
dset-camcan	sub-CC520424	accepted	7
dset-camcan	sub-CC520424	rejected	6
dset-camcan	sub-CC520424	ignored	1
dset-camcan	sub-CC520477	accepted	16
dset-camcan	sub-CC520477	rejected	13
dset-camcan	sub-CC520477	ignored	1
dset-camcan	sub-CC520480	accepted	5
dset-camcan	sub-CC520480	rejected	11
dset-camcan	sub-CC520480	ignored	0
dset-camcan	sub-CC520503	accepted	4
dset-camcan	sub-CC520503	rejected	6
dset-camcan	sub-CC520503	ignored	1
dset-camcan	sub-CC520517	accepted	3
dset-camcan	sub-CC520517	rejected	10
dset-camcan	sub-CC520517	ignored	0
dset-camcan	sub-CC520552	accepted	3
dset-camcan	sub-CC520552	rejected	13
dset-camcan	sub-CC520552	ignored	3
dset-camcan	sub-CC520560	accepted	6
dset-camcan	sub-CC520560	rejected	8
dset-camcan	sub-CC520560	ignored	3
dset-camcan	sub-CC520562	accepted	3
dset-camcan	sub-CC520562	rejected	8
dset-camcan	sub-CC520562	ignored	0
dset-camcan	sub-CC520584	accepted	0
dset-camcan	sub-CC520584	rejected	5
dset-camcan	sub-CC520584	ignored	7
dset-camcan	sub-CC520585	accepted	6
dset-camcan	sub-CC520585	rejected	2
dset-camcan	sub-CC520585	ignored	2
dset-camcan	sub-CC520597	accepted	2
dset-camcan	sub-CC520597	rejected	9
dset-camcan	sub-CC520597	ignored	0
dset-camcan	sub-CC520607	accepted	6
dset-camcan	sub-CC520607	rejected	7
dset-camcan	sub-CC520607	ignored	0
dset-camcan	sub-CC520624	accepted	3
dset-camcan	sub-CC520624	rejected	5
dset-camcan	sub-CC520624	ignored	1
dset-camcan	sub-CC520673	accepted	2
dset-camcan	sub-CC520673	rejected	18
dset-camcan	sub-CC520673	ignored	5
dset-camcan	sub-CC520745	accepted	2
dset-camcan	sub-CC520745	rejected	6
dset-camcan	sub-CC520745	ignored	3
dset-camcan	sub-CC520775	accepted	16
dset-camcan	sub-CC520775	rejected	9
dset-camcan	sub-CC520775	ignored	1
dset-camcan	sub-CC520868	accepted	7
dset-camcan	sub-CC520868	rejected	10
dset-camcan	sub-CC520868	ignored	1
dset-camcan	sub-CC520980	accepted	19
dset-camcan	sub-CC520980	rejected	17
dset-camcan	sub-CC520980	ignored	1
dset-camcan	sub-CC521040	accepted	2
dset-camcan	sub-CC521040	rejected	6
dset-camcan	sub-CC521040	ignored	4
dset-camcan	sub-CC610022	accepted	19
dset-camcan	sub-CC610022	rejected	9
dset-camcan	sub-CC610022	ignored	1
dset-camcan	sub-CC610028	accepted	3
dset-camcan	sub-CC610028	rejected	9
dset-camcan	sub-CC610028	ignored	1
dset-camcan	sub-CC610039	accepted	3
dset-camcan	sub-CC610039	rejected	6
dset-camcan	sub-CC610039	ignored	0
dset-camcan	sub-CC610040	accepted	2
dset-camcan	sub-CC610040	rejected	8
dset-camcan	sub-CC610040	ignored	2
dset-camcan	sub-CC610046	accepted	5
dset-camcan	sub-CC610046	rejected	10
dset-camcan	sub-CC610046	ignored	0
dset-camcan	sub-CC610051	accepted	0
dset-camcan	sub-CC610051	rejected	4
dset-camcan	sub-CC610051	ignored	5
dset-camcan	sub-CC610052	accepted	19
dset-camcan	sub-CC610052	rejected	17
dset-camcan	sub-CC610052	ignored	0
dset-camcan	sub-CC610058	accepted	4
dset-camcan	sub-CC610058	rejected	11
dset-camcan	sub-CC610058	ignored	2
dset-camcan	sub-CC610071	accepted	7
dset-camcan	sub-CC610071	rejected	6
dset-camcan	sub-CC610071	ignored	3
dset-camcan	sub-CC610076	accepted	5
dset-camcan	sub-CC610076	rejected	14
dset-camcan	sub-CC610076	ignored	0
dset-camcan	sub-CC610099	accepted	3
dset-camcan	sub-CC610099	rejected	7
dset-camcan	sub-CC610099	ignored	1
dset-camcan	sub-CC610101	accepted	13
dset-camcan	sub-CC610101	rejected	19
dset-camcan	sub-CC610101	ignored	2
dset-camcan	sub-CC610146	accepted	4
dset-camcan	sub-CC610146	rejected	5
dset-camcan	sub-CC610146	ignored	1
dset-camcan	sub-CC610178	accepted	8
dset-camcan	sub-CC610178	rejected	14
dset-camcan	sub-CC610178	ignored	0
dset-camcan	sub-CC610210	accepted	6
dset-camcan	sub-CC610210	rejected	6
dset-camcan	sub-CC610210	ignored	0
dset-camcan	sub-CC610212	accepted	1
dset-camcan	sub-CC610212	rejected	6
dset-camcan	sub-CC610212	ignored	5
dset-camcan	sub-CC610227	accepted	2
dset-camcan	sub-CC610227	rejected	7
dset-camcan	sub-CC610227	ignored	1
dset-camcan	sub-CC610285	accepted	6
dset-camcan	sub-CC610285	rejected	24
dset-camcan	sub-CC610285	ignored	1
dset-camcan	sub-CC610288	accepted	8
dset-camcan	sub-CC610288	rejected	15
dset-camcan	sub-CC610288	ignored	2
dset-camcan	sub-CC610292	accepted	5
dset-camcan	sub-CC610292	rejected	17
dset-camcan	sub-CC610292	ignored	0
dset-camcan	sub-CC610308	accepted	15
dset-camcan	sub-CC610308	rejected	19
dset-camcan	sub-CC610308	ignored	1
dset-camcan	sub-CC610344	accepted	3
dset-camcan	sub-CC610344	rejected	5
dset-camcan	sub-CC610344	ignored	1
dset-camcan	sub-CC610372	accepted	18
dset-camcan	sub-CC610372	rejected	6
dset-camcan	sub-CC610372	ignored	0
dset-camcan	sub-CC610392	accepted	3
dset-camcan	sub-CC610392	rejected	7
dset-camcan	sub-CC610392	ignored	3
dset-camcan	sub-CC610405	accepted	5
dset-camcan	sub-CC610405	rejected	5
dset-camcan	sub-CC610405	ignored	1
dset-camcan	sub-CC610462	accepted	14
dset-camcan	sub-CC610462	rejected	15
dset-camcan	sub-CC610462	ignored	1
dset-camcan	sub-CC610469	accepted	8
dset-camcan	sub-CC610469	rejected	9
dset-camcan	sub-CC610469	ignored	4
dset-camcan	sub-CC610496	accepted	21
dset-camcan	sub-CC610496	rejected	15
dset-camcan	sub-CC610496	ignored	0
dset-camcan	sub-CC610508	accepted	9
dset-camcan	sub-CC610508	rejected	5
dset-camcan	sub-CC610508	ignored	1
dset-camcan	sub-CC610568	accepted	3
dset-camcan	sub-CC610568	rejected	6
dset-camcan	sub-CC610568	ignored	7
dset-camcan	sub-CC610575	accepted	11
dset-camcan	sub-CC610575	rejected	9
dset-camcan	sub-CC610575	ignored	0
dset-camcan	sub-CC610576	accepted	3
dset-camcan	sub-CC610576	rejected	4
dset-camcan	sub-CC610576	ignored	4
dset-camcan	sub-CC610594	accepted	3
dset-camcan	sub-CC610594	rejected	12
dset-camcan	sub-CC610594	ignored	0
dset-camcan	sub-CC610614	accepted	4
dset-camcan	sub-CC610614	rejected	8
dset-camcan	sub-CC610614	ignored	2
dset-camcan	sub-CC610625	accepted	17
dset-camcan	sub-CC610625	rejected	9
dset-camcan	sub-CC610625	ignored	1
dset-camcan	sub-CC610631	accepted	5
dset-camcan	sub-CC610631	rejected	11
dset-camcan	sub-CC610631	ignored	1
dset-camcan	sub-CC610653	accepted	11
dset-camcan	sub-CC610653	rejected	16
dset-camcan	sub-CC610653	ignored	3
dset-camcan	sub-CC610671	accepted	9
dset-camcan	sub-CC610671	rejected	27
dset-camcan	sub-CC610671	ignored	0
dset-camcan	sub-CC620005	accepted	7
dset-camcan	sub-CC620005	rejected	10
dset-camcan	sub-CC620005	ignored	1
dset-camcan	sub-CC620044	accepted	3
dset-camcan	sub-CC620044	rejected	9
dset-camcan	sub-CC620044	ignored	2
dset-camcan	sub-CC620073	accepted	0
dset-camcan	sub-CC620073	rejected	5
dset-camcan	sub-CC620073	ignored	6
dset-camcan	sub-CC620085	accepted	6
dset-camcan	sub-CC620085	rejected	11
dset-camcan	sub-CC620085	ignored	0
dset-camcan	sub-CC620090	accepted	4
dset-camcan	sub-CC620090	rejected	3
dset-camcan	sub-CC620090	ignored	8
dset-camcan	sub-CC620106	accepted	3
dset-camcan	sub-CC620106	rejected	9
dset-camcan	sub-CC620106	ignored	1
dset-camcan	sub-CC620114	accepted	7
dset-camcan	sub-CC620114	rejected	7
dset-camcan	sub-CC620114	ignored	0
dset-camcan	sub-CC620118	accepted	7
dset-camcan	sub-CC620118	rejected	5
dset-camcan	sub-CC620118	ignored	2
dset-camcan	sub-CC620121	accepted	17
dset-camcan	sub-CC620121	rejected	8
dset-camcan	sub-CC620121	ignored	1
dset-camcan	sub-CC620129	accepted	4
dset-camcan	sub-CC620129	rejected	4
dset-camcan	sub-CC620129	ignored	1
dset-camcan	sub-CC620152	accepted	9
dset-camcan	sub-CC620152	rejected	5
dset-camcan	sub-CC620152	ignored	3
dset-camcan	sub-CC620164	accepted	2
dset-camcan	sub-CC620164	rejected	11
dset-camcan	sub-CC620164	ignored	2
dset-camcan	sub-CC620193	accepted	4
dset-camcan	sub-CC620193	rejected	8
dset-camcan	sub-CC620193	ignored	0
dset-camcan	sub-CC620259	accepted	3
dset-camcan	sub-CC620259	rejected	12
dset-camcan	sub-CC620259	ignored	4
dset-camcan	sub-CC620262	accepted	3
dset-camcan	sub-CC620262	rejected	6
dset-camcan	sub-CC620262	ignored	3
dset-camcan	sub-CC620264	accepted	12
dset-camcan	sub-CC620264	rejected	12
dset-camcan	sub-CC620264	ignored	3
dset-camcan	sub-CC620279	accepted	3
dset-camcan	sub-CC620279	rejected	7
dset-camcan	sub-CC620279	ignored	0
dset-camcan	sub-CC620284	accepted	10
dset-camcan	sub-CC620284	rejected	14
dset-camcan	sub-CC620284	ignored	0
dset-camcan	sub-CC620314	accepted	2
dset-camcan	sub-CC620314	rejected	7
dset-camcan	sub-CC620314	ignored	10
dset-camcan	sub-CC620354	accepted	10
dset-camcan	sub-CC620354	rejected	3
dset-camcan	sub-CC620354	ignored	1
dset-camcan	sub-CC620359	accepted	2
dset-camcan	sub-CC620359	rejected	14
dset-camcan	sub-CC620359	ignored	5
dset-camcan	sub-CC620405	accepted	0
dset-camcan	sub-CC620405	rejected	3
dset-camcan	sub-CC620405	ignored	5
dset-camcan	sub-CC620406	accepted	4
dset-camcan	sub-CC620406	rejected	5
dset-camcan	sub-CC620406	ignored	8
dset-camcan	sub-CC620413	accepted	15
dset-camcan	sub-CC620413	rejected	14
dset-camcan	sub-CC620413	ignored	1
dset-camcan	sub-CC620429	accepted	2
dset-camcan	sub-CC620429	rejected	7
dset-camcan	sub-CC620429	ignored	4
dset-camcan	sub-CC620436	accepted	13
dset-camcan	sub-CC620436	rejected	18
dset-camcan	sub-CC620436	ignored	0
dset-camcan	sub-CC620444	accepted	4
dset-camcan	sub-CC620444	rejected	8
dset-camcan	sub-CC620444	ignored	5
dset-camcan	sub-CC620451	accepted	14
dset-camcan	sub-CC620451	rejected	11
dset-camcan	sub-CC620451	ignored	0
dset-camcan	sub-CC620454	accepted	11
dset-camcan	sub-CC620454	rejected	27
dset-camcan	sub-CC620454	ignored	1
dset-camcan	sub-CC620466	accepted	4
dset-camcan	sub-CC620466	rejected	9
dset-camcan	sub-CC620466	ignored	0
dset-camcan	sub-CC620479	accepted	4
dset-camcan	sub-CC620479	rejected	6
dset-camcan	sub-CC620479	ignored	1
dset-camcan	sub-CC620490	accepted	6
dset-camcan	sub-CC620490	rejected	12
dset-camcan	sub-CC620490	ignored	1
dset-camcan	sub-CC620496	accepted	12
dset-camcan	sub-CC620496	rejected	11
dset-camcan	sub-CC620496	ignored	0
dset-camcan	sub-CC620499	accepted	6
dset-camcan	sub-CC620499	rejected	8
dset-camcan	sub-CC620499	ignored	0
dset-camcan	sub-CC620515	accepted	0
dset-camcan	sub-CC620515	rejected	1
dset-camcan	sub-CC620515	ignored	12
dset-camcan	sub-CC620518	accepted	12
dset-camcan	sub-CC620518	rejected	6
dset-camcan	sub-CC620518	ignored	0
dset-camcan	sub-CC620526	accepted	3
dset-camcan	sub-CC620526	rejected	6
dset-camcan	sub-CC620526	ignored	1
dset-camcan	sub-CC620549	accepted	4
dset-camcan	sub-CC620549	rejected	6
dset-camcan	sub-CC620549	ignored	2
dset-camcan	sub-CC620557	accepted	2
dset-camcan	sub-CC620557	rejected	8
dset-camcan	sub-CC620557	ignored	4
dset-camcan	sub-CC620560	accepted	3
dset-camcan	sub-CC620560	rejected	10
dset-camcan	sub-CC620560	ignored	0
dset-camcan	sub-CC620567	accepted	18
dset-camcan	sub-CC620567	rejected	11
dset-camcan	sub-CC620567	ignored	0
dset-camcan	sub-CC620572	accepted	2
dset-camcan	sub-CC620572	rejected	8
dset-camcan	sub-CC620572	ignored	3
dset-camcan	sub-CC620592	accepted	17
dset-camcan	sub-CC620592	rejected	6
dset-camcan	sub-CC620592	ignored	0
dset-camcan	sub-CC620610	accepted	6
dset-camcan	sub-CC620610	rejected	9
dset-camcan	sub-CC620610	ignored	1
dset-camcan	sub-CC620619	accepted	12
dset-camcan	sub-CC620619	rejected	17
dset-camcan	sub-CC620619	ignored	0
dset-camcan	sub-CC620659	accepted	18
dset-camcan	sub-CC620659	rejected	9
dset-camcan	sub-CC620659	ignored	0
dset-camcan	sub-CC620685	accepted	2
dset-camcan	sub-CC620685	rejected	10
dset-camcan	sub-CC620685	ignored	6
dset-camcan	sub-CC620720	accepted	2
dset-camcan	sub-CC620720	rejected	7
dset-camcan	sub-CC620720	ignored	12
dset-camcan	sub-CC620785	accepted	5
dset-camcan	sub-CC620785	rejected	3
dset-camcan	sub-CC620785	ignored	3
dset-camcan	sub-CC620793	accepted	7
dset-camcan	sub-CC620793	rejected	23
dset-camcan	sub-CC620793	ignored	0
dset-camcan	sub-CC620821	accepted	14
dset-camcan	sub-CC620821	rejected	29
dset-camcan	sub-CC620821	ignored	0
dset-camcan	sub-CC620885	accepted	21
dset-camcan	sub-CC620885	rejected	17
dset-camcan	sub-CC620885	ignored	0
dset-camcan	sub-CC620919	accepted	13
dset-camcan	sub-CC620919	rejected	13
dset-camcan	sub-CC620919	ignored	0
dset-camcan	sub-CC620935	accepted	4
dset-camcan	sub-CC620935	rejected	5
dset-camcan	sub-CC620935	ignored	1
dset-camcan	sub-CC621011	accepted	9
dset-camcan	sub-CC621011	rejected	9
dset-camcan	sub-CC621011	ignored	0
dset-camcan	sub-CC621080	accepted	2
dset-camcan	sub-CC621080	rejected	8
dset-camcan	sub-CC621080	ignored	2
dset-camcan	sub-CC621118	accepted	3
dset-camcan	sub-CC621118	rejected	14
dset-camcan	sub-CC621118	ignored	10
dset-camcan	sub-CC621128	accepted	5
dset-camcan	sub-CC621128	rejected	7
dset-camcan	sub-CC621128	ignored	2
dset-camcan	sub-CC621184	accepted	9
dset-camcan	sub-CC621184	rejected	15
dset-camcan	sub-CC621184	ignored	2
dset-camcan	sub-CC621199	accepted	8
dset-camcan	sub-CC621199	rejected	15
dset-camcan	sub-CC621199	ignored	2
dset-camcan	sub-CC621248	accepted	4
dset-camcan	sub-CC621248	rejected	7
dset-camcan	sub-CC621248	ignored	0
dset-camcan	sub-CC621284	accepted	3
dset-camcan	sub-CC621284	rejected	12
dset-camcan	sub-CC621284	ignored	7
dset-camcan	sub-CC621642	accepted	3
dset-camcan	sub-CC621642	rejected	2
dset-camcan	sub-CC621642	ignored	9
dset-camcan	sub-CC710037	accepted	11
dset-camcan	sub-CC710037	rejected	9
dset-camcan	sub-CC710037	ignored	0
dset-camcan	sub-CC710088	accepted	4
dset-camcan	sub-CC710088	rejected	9
dset-camcan	sub-CC710088	ignored	0
dset-camcan	sub-CC710099	accepted	5
dset-camcan	sub-CC710099	rejected	8
dset-camcan	sub-CC710099	ignored	6
dset-camcan	sub-CC710131	accepted	15
dset-camcan	sub-CC710131	rejected	13
dset-camcan	sub-CC710131	ignored	0
dset-camcan	sub-CC710154	accepted	15
dset-camcan	sub-CC710154	rejected	7
dset-camcan	sub-CC710154	ignored	1
dset-camcan	sub-CC710176	accepted	8
dset-camcan	sub-CC710176	rejected	7
dset-camcan	sub-CC710176	ignored	0
dset-camcan	sub-CC710313	accepted	5
dset-camcan	sub-CC710313	rejected	6
dset-camcan	sub-CC710313	ignored	1
dset-camcan	sub-CC710342	accepted	12
dset-camcan	sub-CC710342	rejected	9
dset-camcan	sub-CC710342	ignored	0
dset-camcan	sub-CC710350	accepted	9
dset-camcan	sub-CC710350	rejected	10
dset-camcan	sub-CC710350	ignored	0
dset-camcan	sub-CC710382	accepted	4
dset-camcan	sub-CC710382	rejected	6
dset-camcan	sub-CC710382	ignored	2
dset-camcan	sub-CC710416	accepted	5
dset-camcan	sub-CC710416	rejected	16
dset-camcan	sub-CC710416	ignored	4
dset-camcan	sub-CC710429	accepted	8
dset-camcan	sub-CC710429	rejected	17
dset-camcan	sub-CC710429	ignored	0
dset-camcan	sub-CC710446	accepted	4
dset-camcan	sub-CC710446	rejected	9
dset-camcan	sub-CC710446	ignored	5
dset-camcan	sub-CC710462	accepted	13
dset-camcan	sub-CC710462	rejected	7
dset-camcan	sub-CC710462	ignored	0
dset-camcan	sub-CC710486	accepted	3
dset-camcan	sub-CC710486	rejected	7
dset-camcan	sub-CC710486	ignored	5
dset-camcan	sub-CC710494	accepted	17
dset-camcan	sub-CC710494	rejected	18
dset-camcan	sub-CC710494	ignored	0
dset-camcan	sub-CC710518	accepted	6
dset-camcan	sub-CC710518	rejected	6
dset-camcan	sub-CC710518	ignored	3
dset-camcan	sub-CC710548	accepted	12
dset-camcan	sub-CC710548	rejected	7
dset-camcan	sub-CC710548	ignored	1
dset-camcan	sub-CC710551	accepted	13
dset-camcan	sub-CC710551	rejected	11
dset-camcan	sub-CC710551	ignored	0
dset-camcan	sub-CC710566	accepted	11
dset-camcan	sub-CC710566	rejected	16
dset-camcan	sub-CC710566	ignored	1
dset-camcan	sub-CC710591	accepted	5
dset-camcan	sub-CC710591	rejected	5
dset-camcan	sub-CC710591	ignored	1
dset-camcan	sub-CC710664	accepted	9
dset-camcan	sub-CC710664	rejected	20
dset-camcan	sub-CC710664	ignored	2
dset-camcan	sub-CC710679	accepted	12
dset-camcan	sub-CC710679	rejected	27
dset-camcan	sub-CC710679	ignored	0
dset-camcan	sub-CC710858	accepted	15
dset-camcan	sub-CC710858	rejected	19
dset-camcan	sub-CC710858	ignored	0
dset-camcan	sub-CC710982	accepted	5
dset-camcan	sub-CC710982	rejected	8
dset-camcan	sub-CC710982	ignored	0
dset-camcan	sub-CC711027	accepted	22
dset-camcan	sub-CC711027	rejected	15
dset-camcan	sub-CC711027	ignored	0
dset-camcan	sub-CC711035	accepted	4
dset-camcan	sub-CC711035	rejected	5
dset-camcan	sub-CC711035	ignored	6
dset-camcan	sub-CC711128	accepted	1
dset-camcan	sub-CC711128	rejected	9
dset-camcan	sub-CC711128	ignored	9
dset-camcan	sub-CC711158	accepted	10
dset-camcan	sub-CC711158	rejected	12
dset-camcan	sub-CC711158	ignored	0
dset-camcan	sub-CC711244	accepted	12
dset-camcan	sub-CC711244	rejected	5
dset-camcan	sub-CC711244	ignored	0
dset-camcan	sub-CC711245	accepted	10
dset-camcan	sub-CC711245	rejected	9
dset-camcan	sub-CC711245	ignored	1
dset-camcan	sub-CC712027	accepted	7
dset-camcan	sub-CC712027	rejected	15
dset-camcan	sub-CC712027	ignored	10
dset-camcan	sub-CC720023	accepted	13
dset-camcan	sub-CC720023	rejected	8
dset-camcan	sub-CC720023	ignored	1
dset-camcan	sub-CC720071	accepted	12
dset-camcan	sub-CC720071	rejected	8
dset-camcan	sub-CC720071	ignored	1
dset-camcan	sub-CC720103	accepted	4
dset-camcan	sub-CC720103	rejected	13
dset-camcan	sub-CC720103	ignored	4
dset-camcan	sub-CC720119	accepted	6
dset-camcan	sub-CC720119	rejected	10
dset-camcan	sub-CC720119	ignored	7
dset-camcan	sub-CC720180	accepted	3
dset-camcan	sub-CC720180	rejected	6
dset-camcan	sub-CC720180	ignored	8
dset-camcan	sub-CC720188	accepted	6
dset-camcan	sub-CC720188	rejected	8
dset-camcan	sub-CC720188	ignored	0
dset-camcan	sub-CC720238	accepted	5
dset-camcan	sub-CC720238	rejected	12
dset-camcan	sub-CC720238	ignored	5
dset-camcan	sub-CC720290	accepted	18
dset-camcan	sub-CC720290	rejected	22
dset-camcan	sub-CC720290	ignored	0
dset-camcan	sub-CC720304	accepted	5
dset-camcan	sub-CC720304	rejected	7
dset-camcan	sub-CC720304	ignored	0
dset-camcan	sub-CC720329	accepted	9
dset-camcan	sub-CC720329	rejected	11
dset-camcan	sub-CC720329	ignored	0
dset-camcan	sub-CC720358	accepted	6
dset-camcan	sub-CC720358	rejected	16
dset-camcan	sub-CC720358	ignored	11
dset-camcan	sub-CC720400	accepted	6
dset-camcan	sub-CC720400	rejected	10
dset-camcan	sub-CC720400	ignored	2
dset-camcan	sub-CC720407	accepted	1
dset-camcan	sub-CC720407	rejected	14
dset-camcan	sub-CC720407	ignored	4
dset-camcan	sub-CC720497	accepted	8
dset-camcan	sub-CC720497	rejected	8
dset-camcan	sub-CC720497	ignored	0
dset-camcan	sub-CC720511	accepted	4
dset-camcan	sub-CC720511	rejected	7
dset-camcan	sub-CC720511	ignored	1
dset-camcan	sub-CC720516	accepted	6
dset-camcan	sub-CC720516	rejected	9
dset-camcan	sub-CC720516	ignored	1
dset-camcan	sub-CC720622	accepted	1
dset-camcan	sub-CC720622	rejected	10
dset-camcan	sub-CC720622	ignored	7
dset-camcan	sub-CC720646	accepted	0
dset-camcan	sub-CC720646	rejected	2
dset-camcan	sub-CC720646	ignored	8
dset-camcan	sub-CC720670	accepted	3
dset-camcan	sub-CC720670	rejected	15
dset-camcan	sub-CC720670	ignored	3
dset-camcan	sub-CC720685	accepted	3
dset-camcan	sub-CC720685	rejected	11
dset-camcan	sub-CC720685	ignored	4
dset-camcan	sub-CC720941	accepted	4
dset-camcan	sub-CC720941	rejected	7
dset-camcan	sub-CC720941	ignored	4
dset-camcan	sub-CC720986	accepted	5
dset-camcan	sub-CC720986	rejected	8
dset-camcan	sub-CC720986	ignored	1
dset-camcan	sub-CC721052	accepted	2
dset-camcan	sub-CC721052	rejected	12
dset-camcan	sub-CC721052	ignored	7
dset-camcan	sub-CC721107	accepted	4
dset-camcan	sub-CC721107	rejected	5
dset-camcan	sub-CC721107	ignored	2
dset-camcan	sub-CC721114	accepted	4
dset-camcan	sub-CC721114	rejected	5
dset-camcan	sub-CC721114	ignored	4
dset-camcan	sub-CC721224	accepted	20
dset-camcan	sub-CC721224	rejected	22
dset-camcan	sub-CC721224	ignored	0
dset-camcan	sub-CC721291	accepted	2
dset-camcan	sub-CC721291	rejected	10
dset-camcan	sub-CC721291	ignored	4
dset-camcan	sub-CC721292	accepted	7
dset-camcan	sub-CC721292	rejected	6
dset-camcan	sub-CC721292	ignored	1
dset-camcan	sub-CC721374	accepted	18
dset-camcan	sub-CC721374	rejected	13
dset-camcan	sub-CC721374	ignored	0
dset-camcan	sub-CC721377	accepted	16
dset-camcan	sub-CC721377	rejected	10
dset-camcan	sub-CC721377	ignored	0
dset-camcan	sub-CC721392	accepted	16
dset-camcan	sub-CC721392	rejected	21
dset-camcan	sub-CC721392	ignored	0
dset-camcan	sub-CC721418	accepted	12
dset-camcan	sub-CC721418	rejected	5
dset-camcan	sub-CC721418	ignored	1
dset-camcan	sub-CC721434	accepted	20
dset-camcan	sub-CC721434	rejected	21
dset-camcan	sub-CC721434	ignored	0
dset-camcan	sub-CC721504	accepted	13
dset-camcan	sub-CC721504	rejected	20
dset-camcan	sub-CC721504	ignored	2
dset-camcan	sub-CC721519	accepted	6
dset-camcan	sub-CC721519	rejected	4
dset-camcan	sub-CC721519	ignored	1
dset-camcan	sub-CC721532	accepted	8
dset-camcan	sub-CC721532	rejected	11
dset-camcan	sub-CC721532	ignored	0
dset-camcan	sub-CC721585	accepted	5
dset-camcan	sub-CC721585	rejected	12
dset-camcan	sub-CC721585	ignored	0
dset-camcan	sub-CC721618	accepted	13
dset-camcan	sub-CC721618	rejected	7
dset-camcan	sub-CC721618	ignored	1
dset-camcan	sub-CC721648	accepted	18
dset-camcan	sub-CC721648	rejected	7
dset-camcan	sub-CC721648	ignored	0
dset-camcan	sub-CC721704	accepted	7
dset-camcan	sub-CC721704	rejected	12
dset-camcan	sub-CC721704	ignored	0
dset-camcan	sub-CC721707	accepted	5
dset-camcan	sub-CC721707	rejected	9
dset-camcan	sub-CC721707	ignored	0
dset-camcan	sub-CC721729	accepted	10
dset-camcan	sub-CC721729	rejected	13
dset-camcan	sub-CC721729	ignored	0
dset-camcan	sub-CC721888	accepted	0
dset-camcan	sub-CC721888	rejected	7
dset-camcan	sub-CC721888	ignored	3
dset-camcan	sub-CC721891	accepted	17
dset-camcan	sub-CC721891	rejected	18
dset-camcan	sub-CC721891	ignored	0
dset-camcan	sub-CC721894	accepted	3
dset-camcan	sub-CC721894	rejected	9
dset-camcan	sub-CC721894	ignored	4
dset-camcan	sub-CC722216	accepted	3
dset-camcan	sub-CC722216	rejected	6
dset-camcan	sub-CC722216	ignored	10
dset-camcan	sub-CC722421	accepted	6
dset-camcan	sub-CC722421	rejected	7
dset-camcan	sub-CC722421	ignored	1
dset-camcan	sub-CC722536	accepted	9
dset-camcan	sub-CC722536	rejected	4
dset-camcan	sub-CC722536	ignored	0
dset-camcan	sub-CC722542	accepted	14
dset-camcan	sub-CC722542	rejected	22
dset-camcan	sub-CC722542	ignored	0
dset-camcan	sub-CC722651	accepted	16
dset-camcan	sub-CC722651	rejected	14
dset-camcan	sub-CC722651	ignored	1
dset-camcan	sub-CC722891	accepted	2
dset-camcan	sub-CC722891	rejected	8
dset-camcan	sub-CC722891	ignored	5
dset-camcan	sub-CC723197	accepted	3
dset-camcan	sub-CC723197	rejected	5
dset-camcan	sub-CC723197	ignored	1
dset-camcan	sub-CC723395	accepted	8
dset-camcan	sub-CC723395	rejected	6
dset-camcan	sub-CC723395	ignored	2
dset-cohen	sub-01	accepted	4
dset-cohen	sub-01	rejected	5
dset-cohen	sub-01	ignored	2
dset-cohen	sub-02	accepted	5
dset-cohen	sub-02	rejected	4
dset-cohen	sub-02	ignored	4
dset-cohen	sub-03	accepted	4
dset-cohen	sub-03	rejected	5
dset-cohen	sub-03	ignored	3
dset-cohen	sub-04	accepted	6
dset-cohen	sub-04	rejected	6
dset-cohen	sub-04	ignored	0
dset-cohen	sub-05	accepted	2
dset-cohen	sub-05	rejected	7
dset-cohen	sub-05	ignored	0
dset-cohen	sub-06	accepted	3
dset-cohen	sub-06	rejected	8
dset-cohen	sub-06	ignored	1
dset-cohen	sub-07	accepted	5
dset-cohen	sub-07	rejected	3
dset-cohen	sub-07	ignored	0
dset-cohen	sub-08	accepted	6
dset-cohen	sub-08	rejected	2
dset-cohen	sub-08	ignored	0
dset-cohen	sub-09	accepted	3
dset-cohen	sub-09	rejected	8
dset-cohen	sub-09	ignored	7
dset-cohen	sub-10	accepted	5
dset-cohen	sub-10	rejected	3
dset-cohen	sub-10	ignored	0
dset-cohen	sub-11	accepted	2
dset-cohen	sub-11	rejected	5
dset-cohen	sub-11	ignored	3
dset-cohen	sub-12	accepted	3
dset-cohen	sub-12	rejected	10
dset-cohen	sub-12	ignored	1
dset-cohen	sub-13	accepted	2
dset-cohen	sub-13	rejected	6
dset-cohen	sub-13	ignored	2
dset-dalenberg	sub-01	accepted	5
dset-dalenberg	sub-01	rejected	13
dset-dalenberg	sub-01	ignored	4
dset-dalenberg	sub-03	accepted	4
dset-dalenberg	sub-03	rejected	16
dset-dalenberg	sub-03	ignored	3
dset-dalenberg	sub-04	accepted	6
dset-dalenberg	sub-04	rejected	21
dset-dalenberg	sub-04	ignored	4
dset-dalenberg	sub-05	accepted	4
dset-dalenberg	sub-05	rejected	10
dset-dalenberg	sub-05	ignored	2
dset-dalenberg	sub-06	accepted	3
dset-dalenberg	sub-06	rejected	16
dset-dalenberg	sub-06	ignored	3
dset-dalenberg	sub-07	accepted	5
dset-dalenberg	sub-07	rejected	20
dset-dalenberg	sub-07	ignored	1
dset-dalenberg	sub-08	accepted	7
dset-dalenberg	sub-08	rejected	38
dset-dalenberg	sub-08	ignored	4
dset-dalenberg	sub-09	accepted	4
dset-dalenberg	sub-09	rejected	20
dset-dalenberg	sub-09	ignored	4
dset-dalenberg	sub-10	accepted	5
dset-dalenberg	sub-10	rejected	12
dset-dalenberg	sub-10	ignored	2
dset-dalenberg	sub-11	accepted	7
dset-dalenberg	sub-11	rejected	31
dset-dalenberg	sub-11	ignored	4
dset-dalenberg	sub-12	accepted	2
dset-dalenberg	sub-12	rejected	30
dset-dalenberg	sub-12	ignored	6
dset-dalenberg	sub-13	accepted	7
dset-dalenberg	sub-13	rejected	25
dset-dalenberg	sub-13	ignored	2
dset-dalenberg	sub-14	accepted	4
dset-dalenberg	sub-14	rejected	8
dset-dalenberg	sub-14	ignored	2
dset-dalenberg	sub-15	accepted	3
dset-dalenberg	sub-15	rejected	8
dset-dalenberg	sub-15	ignored	3
dset-dalenberg	sub-16	accepted	4
dset-dalenberg	sub-16	rejected	13
dset-dalenberg	sub-16	ignored	1
dset-dalenberg	sub-17	accepted	8
dset-dalenberg	sub-17	rejected	26
dset-dalenberg	sub-17	ignored	3
dset-dalenberg	sub-18	accepted	3
dset-dalenberg	sub-18	rejected	11
dset-dalenberg	sub-18	ignored	4
dset-dalenberg	sub-19	accepted	3
dset-dalenberg	sub-19	rejected	19
dset-dalenberg	sub-19	ignored	3
dset-dalenberg	sub-20	accepted	4
dset-dalenberg	sub-20	rejected	9
dset-dalenberg	sub-20	ignored	1
dset-dalenberg	sub-21	accepted	3
dset-dalenberg	sub-21	rejected	9
dset-dalenberg	sub-21	ignored	5
dset-dupre	sub-01	accepted	2
dset-dupre	sub-01	rejected	6
dset-dupre	sub-01	ignored	1
dset-dupre	sub-02	accepted	0
dset-dupre	sub-02	rejected	0
dset-dupre	sub-02	ignored	3
dset-dupre	sub-03	accepted	0
dset-dupre	sub-03	rejected	1
dset-dupre	sub-03	ignored	2
dset-dupre	sub-04	accepted	3
dset-dupre	sub-04	rejected	11
dset-dupre	sub-04	ignored	2
dset-dupre	sub-05	accepted	4
dset-dupre	sub-05	rejected	16
dset-dupre	sub-05	ignored	0
dset-dupre	sub-06	accepted	5
dset-dupre	sub-06	rejected	11
dset-dupre	sub-06	ignored	4
dset-dupre	sub-07	accepted	2
dset-dupre	sub-07	rejected	4
dset-dupre	sub-07	ignored	0
dset-dupre	sub-08	accepted	2
dset-dupre	sub-08	rejected	5
dset-dupre	sub-08	ignored	0
dset-dupre	sub-09	accepted	3
dset-dupre	sub-09	rejected	6
dset-dupre	sub-09	ignored	4
dset-dupre	sub-10	accepted	6
dset-dupre	sub-10	rejected	4
dset-dupre	sub-10	ignored	0
dset-dupre	sub-11	accepted	0
dset-dupre	sub-11	rejected	7
dset-dupre	sub-11	ignored	0
dset-dupre	sub-12	accepted	3
dset-dupre	sub-12	rejected	8
dset-dupre	sub-12	ignored	3
dset-dupre	sub-13	accepted	5
dset-dupre	sub-13	rejected	7
dset-dupre	sub-13	ignored	1
dset-dupre	sub-14	accepted	3
dset-dupre	sub-14	rejected	4
dset-dupre	sub-14	ignored	0
dset-dupre	sub-15	accepted	6
dset-dupre	sub-15	rejected	12
dset-dupre	sub-15	ignored	1
dset-dupre	sub-16	accepted	3
dset-dupre	sub-16	rejected	6
dset-dupre	sub-16	ignored	2
dset-dupre	sub-17	accepted	5
dset-dupre	sub-17	rejected	9
dset-dupre	sub-17	ignored	1
dset-dupre	sub-19	accepted	3
dset-dupre	sub-19	rejected	13
dset-dupre	sub-19	ignored	5
dset-dupre	sub-20	accepted	5
dset-dupre	sub-20	rejected	30
dset-dupre	sub-20	ignored	2
dset-dupre	sub-21	accepted	2
dset-dupre	sub-21	rejected	22
dset-dupre	sub-21	ignored	3
dset-dupre	sub-22	accepted	6
dset-dupre	sub-22	rejected	8
dset-dupre	sub-22	ignored	1
dset-dupre	sub-23	accepted	5
dset-dupre	sub-23	rejected	9
dset-dupre	sub-23	ignored	2
dset-dupre	sub-24	accepted	4
dset-dupre	sub-24	rejected	8
dset-dupre	sub-24	ignored	4
dset-dupre	sub-25	accepted	3
dset-dupre	sub-25	rejected	8
dset-dupre	sub-25	ignored	2
dset-dupre	sub-26	accepted	2
dset-dupre	sub-26	rejected	37
dset-dupre	sub-26	ignored	3
dset-dupre	sub-27	accepted	9
dset-dupre	sub-27	rejected	6
dset-dupre	sub-27	ignored	3
dset-dupre	sub-28	accepted	7
dset-dupre	sub-28	rejected	7
dset-dupre	sub-28	ignored	1
dset-dupre	sub-29	accepted	4
dset-dupre	sub-29	rejected	15
dset-dupre	sub-29	ignored	6
dset-dupre	sub-30	accepted	6
dset-dupre	sub-30	rejected	9
dset-dupre	sub-30	ignored	5
dset-dupre	sub-31	accepted	4
dset-dupre	sub-31	rejected	7
dset-dupre	sub-31	ignored	4
